taxonKey,genus,species,decimalLatitude,decimalLongitude,country,coordinateUncertaintyInMeters,year,month,day
7294715,Cordia,Cordia superba,-20.266517,-43.475858,Brazil,2035.0,2023.0,1.0,12.0
7294715,Cordia,Cordia superba,-13.029167,-39.605278,Brazil,,2023.0,1.0,29.0
7294715,Cordia,Cordia superba,-22.967778,-43.226111,Brazil,,2023.0,3.0,8.0
7294715,Cordia,Cordia superba,-22.954183,-43.028967,Brazil,8.0,2023.0,4.0,23.0
7294715,Cordia,Cordia superba,-23.64412,-46.623397,Brazil,10.0,2023.0,4.0,27.0
7294715,Cordia,Cordia superba,-22.741024,-47.174301,Brazil,13584.0,2023.0,6.0,12.0
7294715,Cordia,Cordia superba,-6.081825,-35.184687,Brazil,4.0,2023.0,7.0,1.0
7294715,Cordia,Cordia superba,-13.620556,-41.764444,Brazil,,2022.0,1.0,20.0
7294715,Cordia,Cordia superba,-21.472121,-47.362571,Brazil,25.0,2022.0,1.0,1.0
7294715,Cordia,Cordia superba,-21.053859,-49.370259,Brazil,16.0,2022.0,1.0,14.0
7294715,Cordia,Cordia superba,-23.58663,-46.65437,Brazil,,2022.0,1.0,15.0
7294715,Cordia,Cordia superba,-22.706838,-47.6489,Brazil,2.0,2022.0,1.0,16.0
7294715,Cordia,Cordia superba,-23.189685,-47.31921,Brazil,16.0,2022.0,1.0,22.0
7294715,Cordia,Cordia superba,-20.083845,-43.988773,Brazil,11.0,2022.0,1.0,27.0
7294715,Cordia,Cordia superba,-22.715433,-46.797959,Brazil,,2022.0,2.0,6.0
7294715,Cordia,Cordia superba,-21.483063,-47.556822,Brazil,11.0,2022.0,2.0,27.0
7294715,Cordia,Cordia superba,-11.366666,-46.920555,Brazil,,2022.0,3.0,15.0
7294715,Cordia,Cordia superba,-11.366667,-46.920556,Brazil,,2022.0,3.0,15.0
7294715,Cordia,Cordia superba,-22.637249,-42.579881,Brazil,6.0,2022.0,3.0,2.0
7294715,Cordia,Cordia superba,-23.664464,-46.997676,Brazil,14.0,2022.0,3.0,19.0
7294715,Cordia,Cordia superba,-23.590752,-46.66083,Brazil,18.0,2022.0,3.0,21.0
7294715,Cordia,Cordia superba,-23.590933,-46.660938,Brazil,13.0,2022.0,3.0,28.0
7294715,Cordia,Cordia superba,-23.304887,-47.283201,Brazil,,2022.0,3.0,31.0
7294715,Cordia,Cordia superba,-23.591509,-46.660389,Brazil,100.0,2022.0,4.0,22.0
7294715,Cordia,Cordia superba,-22.711442,-47.629915,Brazil,32.0,2022.0,4.0,4.0
7294715,Cordia,Cordia superba,-23.485524,-46.519906,Brazil,10.0,2022.0,4.0,6.0
7294715,Cordia,Cordia superba,-7.194415,-35.859423,Brazil,9.0,2022.0,4.0,14.0
7294715,Cordia,Cordia superba,-23.519188,-46.682197,Brazil,27.0,2022.0,4.0,16.0
7294715,Cordia,Cordia superba,-23.084343,-47.193015,Brazil,6.0,2022.0,4.0,26.0
7294715,Cordia,Cordia superba,-22.983864,-43.206001,Brazil,8.0,2022.0,5.0,17.0
7294715,Cordia,Cordia superba,-22.894437,-43.179163,Brazil,14.0,2022.0,5.0,3.0
7294715,Cordia,Cordia superba,-22.901928,-43.225636,Brazil,2.0,2022.0,5.0,6.0
7294715,Cordia,Cordia superba,-20.126673,-44.2208,Brazil,48.0,2022.0,5.0,7.0
7294715,Cordia,Cordia superba,-23.364758,-46.191313,Brazil,11.0,2022.0,5.0,16.0
7294715,Cordia,Cordia superba,-23.609613,-46.847084,Brazil,804.0,2022.0,6.0,2.0
7294715,Cordia,Cordia superba,-23.557601,-46.756033,Brazil,1044.0,2022.0,6.0,10.0
7294715,Cordia,Cordia superba,-22.99237,-43.651108,Brazil,5.0,2022.0,6.0,13.0
7294715,Cordia,Cordia superba,-23.590834,-46.660875,Brazil,16.0,2022.0,6.0,2.0
7294715,Cordia,Cordia superba,-22.809472,-43.326137,Brazil,7.0,2022.0,6.0,6.0
7294715,Cordia,Cordia superba,-22.830278,-43.711389,Brazil,21.0,2022.0,6.0,13.0
7294715,Cordia,Cordia superba,-23.481018,-46.66208,Brazil,6.0,2022.0,6.0,28.0
7294715,Cordia,Cordia superba,-22.936875,-43.040589,Brazil,4.0,2022.0,7.0,6.0
7294715,Cordia,Cordia superba,-22.888733,-43.543903,Brazil,20.0,2022.0,8.0,14.0
7294715,Cordia,Cordia superba,-6.083333,-35.183056,Brazil,,2022.0,8.0,6.0
7294715,Cordia,Cordia superba,-6.083333,-35.183056,Brazil,,2022.0,8.0,6.0
7294715,Cordia,Cordia superba,-22.983428,-43.205545,Brazil,7.0,2022.0,8.0,24.0
7294715,Cordia,Cordia superba,-23.224663,-45.946804,Brazil,4.0,2022.0,8.0,30.0
7294715,Cordia,Cordia superba,-22.656206,-43.123885,Brazil,14.0,2022.0,8.0,30.0
7294715,Cordia,Cordia superba,-22.992222,-43.651111,Brazil,,2022.0,8.0,17.0
7294715,Cordia,Cordia superba,-23.047294,-43.510712,Brazil,4.0,2022.0,9.0,9.0
7294715,Cordia,Cordia superba,-6.083333,-35.183056,Brazil,,2022.0,9.0,8.0
7294715,Cordia,Cordia superba,-22.983398,-43.205496,Brazil,16.0,2022.0,9.0,25.0
7294715,Cordia,Cordia superba,-22.251825,-43.190279,Brazil,,2022.0,9.0,27.0
7294715,Cordia,Cordia superba,-22.886178,-43.549495,Brazil,23.0,2022.0,10.0,2.0
7294715,Cordia,Cordia superba,-22.88638,-43.548145,Brazil,10.0,2022.0,10.0,2.0
7294715,Cordia,Cordia superba,-22.8818,-43.540883,Brazil,8.0,2022.0,10.0,17.0
7294715,Cordia,Cordia superba,-22.88577,-43.540497,Brazil,5.0,2022.0,10.0,23.0
7294715,Cordia,Cordia superba,-22.885528,-43.540538,Brazil,5.0,2022.0,10.0,23.0
7294715,Cordia,Cordia superba,-2.897778,-40.462222,Brazil,,2022.0,10.0,30.0
7294715,Cordia,Cordia superba,-3.313889,-39.517222,Brazil,,2022.0,11.0,6.0
7294715,Cordia,Cordia superba,-22.243333,-42.458333,Brazil,8.0,2022.0,11.0,15.0
7294715,Cordia,Cordia superba,-10.169722,-45.810556,Brazil,,2022.0,12.0,14.0
7294715,Cordia,Cordia superba,-25.49344,-49.352799,Brazil,,2021.0,1.0,2.0
7294715,Cordia,Cordia superba,-22.927183,-47.119557,Brazil,,2021.0,1.0,20.0
7294715,Cordia,Cordia superba,-23.546389,-46.708611,Brazil,,2021.0,1.0,27.0
7294715,Cordia,Cordia superba,-22.422288,-43.152217,Brazil,5.0,2021.0,1.0,13.0
7294715,Cordia,Cordia superba,-23.548299,-46.659141,Brazil,,2021.0,1.0,24.0
7294715,Cordia,Cordia superba,-23.129739,-44.930929,Brazil,35.0,2021.0,2.0,21.0
7294715,Cordia,Cordia superba,-23.010319,-43.474782,Brazil,65.0,2021.0,2.0,6.0
7294715,Cordia,Cordia superba,-22.741476,-47.624372,Brazil,,2021.0,2.0,18.0
7294715,Cordia,Cordia superba,-22.912668,-49.014442,Brazil,,2021.0,2.0,2.0
7294715,Cordia,Cordia superba,-22.912668,-49.014442,Brazil,,2021.0,2.0,2.0
7294715,Cordia,Cordia superba,-25.441541,-49.238844,Brazil,99.0,2021.0,2.0,7.0
7294715,Cordia,Cordia superba,-22.894913,-43.535945,Brazil,65.0,2021.0,2.0,7.0
7294715,Cordia,Cordia superba,-23.545215,-47.118895,Brazil,,2021.0,2.0,11.0
7294715,Cordia,Cordia superba,-23.117778,-46.535278,Brazil,,2021.0,2.0,12.0
7294715,Cordia,Cordia superba,-23.137033,-46.911545,Brazil,11.0,2021.0,2.0,14.0
7294715,Cordia,Cordia superba,-22.952253,-43.370109,Brazil,8.0,2021.0,2.0,19.0
7294715,Cordia,Cordia superba,-20.126517,-44.22094,Brazil,32.0,2021.0,3.0,7.0
7294715,Cordia,Cordia superba,-23.594687,-46.665516,Brazil,,2021.0,3.0,15.0
7294715,Cordia,Cordia superba,-22.40678,-43.082165,Brazil,,2021.0,3.0,14.0
7294715,Cordia,Cordia superba,-22.798983,-45.228149,Brazil,50.0,2021.0,3.0,18.0
7294715,Cordia,Cordia superba,-22.929403,-43.235396,Brazil,24.0,2021.0,3.0,24.0
7294715,Cordia,Cordia superba,-23.245494,-45.82517,Brazil,10.0,2021.0,3.0,25.0
7294715,Cordia,Cordia superba,-22.827053,-43.287225,Brazil,5.0,2021.0,4.0,30.0
7294715,Cordia,Cordia superba,-22.769217,-43.47689,Brazil,,2021.0,4.0,11.0
7294715,Cordia,Cordia superba,-21.315278,-42.811944,Brazil,,2021.0,4.0,22.0
7294715,Cordia,Cordia superba,-21.315278,-42.811944,Brazil,,2021.0,4.0,22.0
7294715,Cordia,Cordia superba,-22.424604,-42.743847,Brazil,20.0,2021.0,5.0,3.0
7294715,Cordia,Cordia superba,-19.983431,-43.977648,Brazil,4.0,2021.0,5.0,17.0
7294715,Cordia,Cordia superba,-22.913332,-43.694766,Brazil,8.0,2021.0,5.0,28.0
7294715,Cordia,Cordia superba,-22.818333,-43.429722,Brazil,,2021.0,5.0,28.0
7294715,Cordia,Cordia superba,-22.983533,-43.205461,Brazil,13.0,2021.0,6.0,22.0
7294715,Cordia,Cordia superba,-22.995474,-47.033397,Brazil,60.0,2021.0,6.0,10.0
7294715,Cordia,Cordia superba,-22.983781,-43.215507,Brazil,13.0,2021.0,6.0,12.0
7294715,Cordia,Cordia superba,-22.902342,-43.225703,Brazil,65.0,2021.0,7.0,20.0
7294715,Cordia,Cordia superba,-22.948204,-46.543034,Brazil,,2021.0,7.0,3.0
7294715,Cordia,Cordia superba,-22.948204,-46.543034,Brazil,,2021.0,7.0,3.0
7294715,Cordia,Cordia superba,-22.93784,-43.173325,Brazil,,2021.0,7.0,17.0
7294715,Cordia,Cordia superba,-22.879642,-43.317351,Brazil,15.0,2021.0,7.0,19.0
7294715,Cordia,Cordia superba,-22.377983,-43.870755,Brazil,9.0,2021.0,7.0,20.0
7294715,Cordia,Cordia superba,-22.065614,-47.807297,Brazil,7.0,2021.0,8.0,9.0
7294715,Cordia,Cordia superba,-22.065614,-47.807297,Brazil,7.0,2021.0,8.0,9.0
7294715,Cordia,Cordia superba,-22.065614,-47.807297,Brazil,7.0,2021.0,8.0,9.0
7294715,Cordia,Cordia superba,-22.902508,-43.225588,Brazil,5.0,2021.0,9.0,2.0
7294715,Cordia,Cordia superba,-22.065614,-47.807297,Brazil,7.0,2021.0,9.0,1.0
7294715,Cordia,Cordia superba,-22.065614,-47.807297,Brazil,7.0,2021.0,9.0,1.0
7294715,Cordia,Cordia superba,-22.065614,-47.807297,Brazil,7.0,2021.0,9.0,1.0
7294715,Cordia,Cordia superba,-23.004328,-43.434929,Brazil,6.0,2021.0,9.0,13.0
7294715,Cordia,Cordia superba,-23.496667,-47.504444,Brazil,14.0,2021.0,9.0,30.0
7294715,Cordia,Cordia superba,-22.983353,-43.205939,Brazil,19.0,2021.0,10.0,16.0
7294715,Cordia,Cordia superba,-22.909416,-43.201079,Brazil,,2021.0,10.0,2.0
7294715,Cordia,Cordia superba,-22.909416,-43.201079,Brazil,,2021.0,10.0,2.0
7294715,Cordia,Cordia superba,-22.909416,-43.201079,Brazil,,2021.0,10.0,3.0
7294715,Cordia,Cordia superba,-22.567939,-48.165108,Brazil,6.0,2021.0,10.0,5.0
7294715,Cordia,Cordia superba,-22.806208,-43.179869,Brazil,20.0,2021.0,10.0,7.0
7294715,Cordia,Cordia superba,-23.534734,-46.696857,Brazil,48.0,2021.0,10.0,17.0
7294715,Cordia,Cordia superba,-23.581867,-46.751187,Brazil,10.0,2021.0,10.0,20.0
7294715,Cordia,Cordia superba,-23.338067,-51.505405,Brazil,7.0,2021.0,10.0,21.0
7294715,Cordia,Cordia superba,-23.529971,-47.695224,Brazil,14.0,2021.0,10.0,21.0
7294715,Cordia,Cordia superba,-22.535325,-41.935472,Brazil,17.0,2021.0,10.0,24.0
7294715,Cordia,Cordia superba,-21.125833,-47.769167,Brazil,9.0,2021.0,10.0,27.0
7294715,Cordia,Cordia superba,-22.888467,-43.552455,Brazil,5.0,2021.0,11.0,7.0
7294715,Cordia,Cordia superba,-20.127874,-44.221926,Brazil,40.0,2021.0,11.0,13.0
7294715,Cordia,Cordia superba,-15.796243,-47.925587,Brazil,5.0,2021.0,11.0,1.0
7294715,Cordia,Cordia superba,-23.549937,-46.692978,Brazil,5.0,2021.0,11.0,4.0
7294715,Cordia,Cordia superba,-23.545609,-46.727725,Brazil,10.0,2021.0,11.0,5.0
7294715,Cordia,Cordia superba,-21.283442,-50.361043,Brazil,10.0,2021.0,11.0,7.0
7294715,Cordia,Cordia superba,-22.874247,-47.041662,Brazil,,2021.0,11.0,9.0
7294715,Cordia,Cordia superba,-23.5483,-46.659169,Brazil,13.0,2021.0,11.0,19.0
7294715,Cordia,Cordia superba,-23.480595,-46.263412,Brazil,11.0,2021.0,11.0,20.0
7294715,Cordia,Cordia superba,-23.162013,-47.317153,Brazil,16.0,2021.0,11.0,28.0
7294715,Cordia,Cordia superba,-22.934731,-43.17184,Brazil,12.0,2021.0,12.0,6.0
7294715,Cordia,Cordia superba,-23.576938,-46.666492,Brazil,10.0,2021.0,12.0,5.0
7294715,Cordia,Cordia superba,-23.576938,-46.666492,Brazil,10.0,2021.0,12.0,5.0
7294715,Cordia,Cordia superba,-15.795833,-47.846389,Brazil,13.0,2021.0,12.0,7.0
7294715,Cordia,Cordia superba,-19.966962,-43.941172,Brazil,8.0,2021.0,12.0,19.0
7294715,Cordia,Cordia superba,-23.554246,-46.2107,Brazil,,2021.0,12.0,28.0
7294715,Cordia,Cordia superba,-22.920205,-42.918152,Brazil,11.0,2021.0,12.0,28.0
7294715,Cordia,Cordia superba,-22.77048,-47.177891,Brazil,16.0,2021.0,12.0,30.0
7294715,Cordia,Cordia superba,-25.441906,-49.23972,Brazil,,2020.0,1.0,6.0
7294715,Cordia,Cordia superba,-18.50745,-42.087597,Brazil,,2020.0,1.0,1.0
7294715,Cordia,Cordia superba,-18.50745,-42.087597,Brazil,,2020.0,1.0,1.0
7294715,Cordia,Cordia superba,-23.496819,-47.40604,Brazil,,2020.0,1.0,19.0
7294715,Cordia,Cordia superba,-22.893458,-43.17876,Brazil,,2020.0,1.0,21.0
7294715,Cordia,Cordia superba,-22.936139,-43.171448,Brazil,22.0,2020.0,1.0,26.0
7294715,Cordia,Cordia superba,-22.936124,-43.171436,Brazil,21.0,2020.0,1.0,26.0
7294715,Cordia,Cordia superba,-23.586143,-46.655043,Brazil,,2020.0,2.0,17.0
7294715,Cordia,Cordia superba,-22.2575,-43.035,Brazil,,2020.0,2.0,22.0
7294715,Cordia,Cordia superba,-22.2575,-43.035,Brazil,,2020.0,2.0,22.0
7294715,Cordia,Cordia superba,-22.257778,-43.035278,Brazil,,2020.0,2.0,22.0
7294715,Cordia,Cordia superba,-22.913611,-42.877778,Brazil,,2020.0,2.0,27.0
7294715,Cordia,Cordia superba,-22.862119,-46.966558,Brazil,8.0,2020.0,3.0,7.0
7294715,Cordia,Cordia superba,-22.918141,-43.902212,Brazil,11.0,2020.0,3.0,22.0
7294715,Cordia,Cordia superba,-22.918141,-43.902212,Brazil,11.0,2020.0,3.0,24.0
7294715,Cordia,Cordia superba,-23.008846,-49.32299,Brazil,,2020.0,4.0,23.0
7294715,Cordia,Cordia superba,-23.008846,-49.32299,Brazil,,2020.0,4.0,23.0
7294715,Cordia,Cordia superba,-22.230286,-43.049925,Brazil,,2020.0,4.0,27.0
7294715,Cordia,Cordia superba,-22.784156,-45.237878,Brazil,,2020.0,5.0,4.0
7294715,Cordia,Cordia superba,-22.784156,-45.237878,Brazil,,2020.0,5.0,4.0
7294715,Cordia,Cordia superba,-23.586719,-46.655598,Brazil,,2020.0,6.0,26.0
7294715,Cordia,Cordia superba,-22.443058,-47.590401,Brazil,,2020.0,6.0,27.0
7294715,Cordia,Cordia superba,-22.918056,-43.217932,Brazil,65.0,2020.0,6.0,28.0
7294715,Cordia,Cordia superba,-15.944865,-47.814617,Brazil,,2020.0,7.0,18.0
7294715,Cordia,Cordia superba,-11.700297,-39.0889,Brazil,,2020.0,10.0,28.0
7294715,Cordia,Cordia superba,-22.725808,-47.62781,Brazil,,2020.0,10.0,2.0
7294715,Cordia,Cordia superba,-22.875157,-43.410341,Brazil,4.0,2020.0,10.0,8.0
7294715,Cordia,Cordia superba,-22.341286,-43.182695,Brazil,5.0,2020.0,10.0,11.0
7294715,Cordia,Cordia superba,-23.017205,-46.996084,Brazil,,2020.0,10.0,17.0
7294715,Cordia,Cordia superba,-22.923748,-43.171427,Brazil,9.0,2020.0,10.0,23.0
7294715,Cordia,Cordia superba,-22.923712,-43.17132,Brazil,,2020.0,10.0,23.0
7294715,Cordia,Cordia superba,-22.810797,-47.59021,Brazil,48.0,2020.0,10.0,25.0
7294715,Cordia,Cordia superba,-22.903745,-43.446597,Brazil,16.0,2020.0,11.0,14.0
7294715,Cordia,Cordia superba,-23.586381,-46.654957,Brazil,,2020.0,11.0,9.0
7294715,Cordia,Cordia superba,-22.374912,-43.069572,Brazil,,2020.0,11.0,2.0
7294715,Cordia,Cordia superba,-22.923724,-43.171299,Brazil,9.0,2020.0,11.0,8.0
7294715,Cordia,Cordia superba,-23.586381,-46.654957,Brazil,,2020.0,11.0,9.0
7294715,Cordia,Cordia superba,-22.893788,-43.179161,Brazil,69.0,2020.0,11.0,10.0
7294715,Cordia,Cordia superba,-22.37508,-43.069206,Brazil,,2020.0,11.0,10.0
7294715,Cordia,Cordia superba,-22.37508,-43.069206,Brazil,,2020.0,11.0,10.0
7294715,Cordia,Cordia superba,-23.50694,-47.586691,Brazil,48.0,2020.0,11.0,13.0
7294715,Cordia,Cordia superba,-23.321757,-47.293626,Brazil,11.0,2020.0,11.0,21.0
7294715,Cordia,Cordia superba,-22.80666,-43.180132,Brazil,,2020.0,11.0,27.0
7294715,Cordia,Cordia superba,-22.426532,-42.796581,Brazil,,2020.0,12.0,2.0
7294715,Cordia,Cordia superba,-23.136667,-46.546667,Brazil,,2020.0,12.0,4.0
7294715,Cordia,Cordia superba,-22.80666,-43.180132,Brazil,,2020.0,12.0,9.0
7294715,Cordia,Cordia superba,-23.534586,-46.696767,Brazil,5.0,2020.0,12.0,10.0
7294715,Cordia,Cordia superba,-30.189476,-51.161711,Brazil,,2020.0,12.0,25.0
7294715,Cordia,Cordia superba,-22.299672,-43.158719,Brazil,,2019.0,1.0,31.0
7294715,Cordia,Cordia superba,-22.299672,-43.158719,Brazil,,2019.0,1.0,31.0
7294715,Cordia,Cordia superba,-23.187312,-47.323628,Brazil,22.0,2019.0,2.0,17.0
7294715,Cordia,Cordia superba,-22.4718,-43.491726,Brazil,,2019.0,2.0,23.0
7294715,Cordia,Cordia superba,-23.683762,-46.606617,Brazil,,2019.0,2.0,28.0
7294715,Cordia,Cordia superba,-23.683762,-46.606617,Brazil,,2019.0,2.0,28.0
7294715,Cordia,Cordia superba,-22.529833,-43.190308,Brazil,,2019.0,3.0,18.0
7294715,Cordia,Cordia superba,-23.817553,-47.716042,Brazil,,2019.0,4.0,5.0
7294715,Cordia,Cordia superba,-22.989656,-43.229901,Brazil,30.0,2019.0,4.0,24.0
7294715,Cordia,Cordia superba,-16.670974,-49.235347,Brazil,16.0,2019.0,5.0,22.0
7294715,Cordia,Cordia superba,-23.412809,-46.459585,Brazil,,2019.0,5.0,24.0
7294715,Cordia,Cordia superba,-23.412809,-46.459585,Brazil,,2019.0,5.0,24.0
7294715,Cordia,Cordia superba,-10.992828,-37.672625,Brazil,,2019.0,7.0,25.0
7294715,Cordia,Cordia superba,-22.817146,-43.179125,Brazil,20.0,2019.0,7.0,25.0
7294715,Cordia,Cordia superba,-6.242222,-35.041389,Brazil,,2019.0,9.0,27.0
7294715,Cordia,Cordia superba,-6.242222,-35.041389,Brazil,,2019.0,9.0,27.0
7294715,Cordia,Cordia superba,-22.807473,-43.201222,Brazil,,2019.0,10.0,20.0
7294715,Cordia,Cordia superba,-23.590938,-46.660798,Brazil,14.0,2019.0,10.0,22.0
7294715,Cordia,Cordia superba,-22.75723,-47.656068,Brazil,10.0,2019.0,10.0,31.0
7294715,Cordia,Cordia superba,-22.857532,-43.350178,Brazil,,2019.0,11.0,2.0
7294715,Cordia,Cordia superba,-22.896939,-43.181237,Brazil,,2019.0,12.0,21.0
7294715,Cordia,Cordia superba,-22.841944,-43.235833,Brazil,,2019.0,12.0,17.0
7294715,Cordia,Cordia superba,-22.841944,-43.235833,Brazil,,2019.0,12.0,17.0
7294715,Cordia,Cordia superba,-22.841944,-43.235833,Brazil,,2019.0,12.0,17.0
7294715,Cordia,Cordia superba,-22.841944,-43.235555,Brazil,,2019.0,12.0,17.0
7294715,Cordia,Cordia superba,-22.842222,-43.235555,Brazil,,2019.0,12.0,17.0
7294715,Cordia,Cordia superba,-22.842222,-43.235555,Brazil,,2019.0,12.0,17.0
7294715,Cordia,Cordia superba,-22.8425,-43.235278,Brazil,,2019.0,12.0,17.0
7294715,Cordia,Cordia superba,-22.843055,-43.235,Brazil,,2019.0,12.0,17.0
7294715,Cordia,Cordia superba,-22.842222,-43.235833,Brazil,,2019.0,12.0,17.0
7294715,Cordia,Cordia superba,-22.883932,-47.046549,Brazil,12.0,2018.0,3.0,27.0
7294715,Cordia,Cordia superba,-25.4474,-49.2389,Brazil,,2018.0,4.0,10.0
7294715,Cordia,Cordia superba,-22.7524,-47.581423,Brazil,16.0,2018.0,4.0,29.0
7294715,Cordia,Cordia superba,-22.833333,-43.0725,Brazil,,2018.0,4.0,18.0
7294715,Cordia,Cordia superba,-22.81971,-47.106227,Brazil,,2018.0,5.0,10.0
7294715,Cordia,Cordia superba,-4.151944,-41.701944,Brazil,,2018.0,5.0,18.0
7294715,Cordia,Cordia superba,-17.725727,-49.110805,Brazil,10.0,2018.0,6.0,23.0
7294715,Cordia,Cordia superba,-4.68,-43.38,Brazil,,2018.0,7.0,4.0
7294715,Cordia,Cordia superba,-5.04,-45.36,Brazil,,2018.0,8.0,22.0
7294715,Cordia,Cordia superba,-11.441583,-38.050392,Brazil,,2018.0,8.0,17.0
7294715,Cordia,Cordia superba,-22.892601,-43.178368,Brazil,,2018.0,8.0,5.0
7294715,Cordia,Cordia superba,-22.892601,-43.178368,Brazil,,2018.0,8.0,5.0
7294715,Cordia,Cordia superba,-12.225833,-41.256944,Brazil,,2018.0,11.0,17.0
7294715,Cordia,Cordia superba,-12.225833,-41.256944,Brazil,,2018.0,11.0,17.0
7294715,Cordia,Cordia superba,-29.435278,-15.182078,Brazil,,2018.0,12.0,6.0
7294715,Cordia,Cordia superba,-29.435278,-15.182078,Brazil,,2018.0,12.0,6.0
7294715,Cordia,Cordia superba,-15.796195,-47.926697,Brazil,,2018.0,12.0,17.0
7294715,Cordia,Cordia superba,-22.958967,-48.417878,Brazil,,2018.0,12.0,19.0
7294715,Cordia,Cordia superba,-22.989353,-43.228262,Brazil,,2017.0,2.0,1.0
7294715,Cordia,Cordia superba,-13.0,13.0,Brazil,,2017.0,4.0,19.0
7294715,Cordia,Cordia superba,-9.775369,-35.922158,Brazil,,2017.0,4.0,1.0
7294715,Cordia,Cordia superba,-22.505225,-47.185876,Brazil,7.0,2017.0,4.0,29.0
7294715,Cordia,Cordia superba,-23.613745,-46.841087,Brazil,,2017.0,4.0,9.0
7294715,Cordia,Cordia superba,-3.870278,-41.195556,Brazil,,2017.0,5.0,19.0
7294715,Cordia,Cordia superba,-3.870278,-41.195556,Brazil,,2017.0,5.0,19.0
7294715,Cordia,Cordia superba,-3.870278,-41.195556,Brazil,,2017.0,5.0,19.0
7294715,Cordia,Cordia superba,-3.870278,-41.195556,Brazil,,2017.0,5.0,19.0
7294715,Cordia,Cordia superba,-10.818333,-37.286111,Brazil,,2017.0,5.0,6.0
7294715,Cordia,Cordia superba,-12.683333,-41.166667,Brazil,,2017.0,6.0,17.0
7294715,Cordia,Cordia superba,-12.683333,-41.166667,Brazil,,2017.0,6.0,17.0
7294715,Cordia,Cordia superba,-12.683333,-41.166667,Brazil,,2017.0,6.0,17.0
7294715,Cordia,Cordia superba,-6.997504,-34.920001,Brazil,,2017.0,6.0,19.0
7294715,Cordia,Cordia superba,-6.974985,-35.077506,Brazil,,2017.0,6.0,14.0
7294715,Cordia,Cordia superba,-6.727488,-35.190054,Brazil,,2017.0,6.0,20.0
7294715,Cordia,Cordia superba,-5.58,-46.755556,Brazil,,2017.0,7.0,17.0
7294715,Cordia,Cordia superba,-5.58,-45.9,Brazil,,2017.0,7.0,10.0
7294715,Cordia,Cordia superba,-5.399722,-43.56,Brazil,,2017.0,7.0,7.0
7294715,Cordia,Cordia superba,-5.22,-44.64,Brazil,,2017.0,8.0,1.0
7294715,Cordia,Cordia superba,-5.8425,-35.201111,Brazil,,2017.0,9.0,22.0
7294715,Cordia,Cordia superba,-5.8425,-35.201111,Brazil,,2017.0,9.0,22.0
7294715,Cordia,Cordia superba,-5.04,-43.92,Brazil,,2017.0,9.0,18.0
7294715,Cordia,Cordia superba,-4.68,-45.0025,Brazil,,2017.0,9.0,4.0
7294715,Cordia,Cordia superba,-12.0,12.0,Brazil,,2017.0,10.0,10.0
7294715,Cordia,Cordia superba,-9.833333,-36.076389,Brazil,,2017.0,10.0,16.0
7294715,Cordia,Cordia superba,-9.5401,-35.6395,Brazil,,2017.0,10.0,16.0
7294715,Cordia,Cordia superba,-9.54,-35.639444,Brazil,,2017.0,10.0,16.0
7294715,Cordia,Cordia superba,-22.950526,-46.835902,Brazil,24.0,2017.0,11.0,4.0
7294715,Cordia,Cordia superba,-22.892875,-43.178738,Brazil,,2017.0,11.0,25.0
7294715,Cordia,Cordia superba,-6.176944,-35.188056,Brazil,,2017.0,12.0,15.0
7294715,Cordia,Cordia superba,-6.176944,-35.188056,Brazil,,2017.0,12.0,15.0
7294715,Cordia,Cordia superba,-6.176944,-35.188055,Brazil,,2017.0,12.0,15.0
7294715,Cordia,Cordia superba,-10.151944,-36.382222,Brazil,,2016.0,1.0,7.0
7294715,Cordia,Cordia superba,-10.255278,-36.639167,Brazil,,2016.0,1.0,7.0
7294715,Cordia,Cordia superba,-10.559258,-37.075464,Brazil,,2016.0,1.0,7.0
7294715,Cordia,Cordia superba,-10.255278,-36.639167,Brazil,,2016.0,1.0,7.0
7294715,Cordia,Cordia superba,-22.528637,-41.925155,Brazil,,2016.0,2.0,3.0
7294715,Cordia,Cordia superba,-22.52948,-41.925592,Brazil,,2016.0,2.0,4.0
7294715,Cordia,Cordia superba,-12.0,-41.0,Brazil,,2016.0,3.0,12.0
7294715,Cordia,Cordia superba,-12.0,-41.0,Brazil,,2016.0,3.0,12.0
7294715,Cordia,Cordia superba,-12.0,-41.0,Brazil,,2016.0,3.0,12.0
7294715,Cordia,Cordia superba,-12.0,-41.0,Brazil,,2016.0,3.0,12.0
7294715,Cordia,Cordia superba,-12.0,-41.0,Brazil,,2016.0,3.0,12.0
7294715,Cordia,Cordia superba,-16.8665,-42.057667,Brazil,,2016.0,3.0,3.0
7294715,Cordia,Cordia superba,-16.866389,-42.057778,Brazil,,2016.0,3.0,3.0
7294715,Cordia,Cordia superba,-22.842775,-43.235428,Brazil,,2016.0,3.0,9.0
7294715,Cordia,Cordia superba,-10.492778,-37.102778,Brazil,,2016.0,4.0,13.0
7294715,Cordia,Cordia superba,-10.824317,-37.174664,Brazil,,2016.0,4.0,13.0
7294715,Cordia,Cordia superba,-22.952778,-43.021667,Brazil,,2016.0,4.0,27.0
7294715,Cordia,Cordia superba,-5.876944,-35.191667,Brazil,,2016.0,10.0,28.0
7294715,Cordia,Cordia superba,-5.876944,-35.191667,Brazil,,2016.0,10.0,28.0
7294715,Cordia,Cordia superba,-5.8425,-35.200833,Brazil,,2016.0,11.0,10.0
7294715,Cordia,Cordia superba,-5.8425,-35.200833,Brazil,,2016.0,11.0,10.0
7294715,Cordia,Cordia superba,-5.8425,-35.200833,Brazil,,2016.0,11.0,10.0
7294715,Cordia,Cordia superba,-9.463611,-35.573056,Brazil,,2016.0,12.0,15.0
7294715,Cordia,Cordia superba,-16.113611,-41.761389,Brazil,,2016.0,12.0,4.0
7294715,Cordia,Cordia superba,-16.113611,-41.761388,Brazil,,2016.0,12.0,4.0
7294715,Cordia,Cordia superba,-9.77655,-35.958286,Brazil,,2016.0,12.0,15.0
7294715,Cordia,Cordia superba,-19.558889,-43.958056,Brazil,,2015.0,1.0,23.0
7294715,Cordia,Cordia superba,-29.976944,-50.212778,Brazil,,2015.0,4.0,21.0
7294715,Cordia,Cordia superba,-29.976883,-50.212736,Brazil,,2015.0,4.0,21.0
7294715,Cordia,Cordia superba,-29.976944,-50.212778,Brazil,,2015.0,4.0,21.0
7294715,Cordia,Cordia superba,-10.529167,-37.031389,Brazil,,2015.0,5.0,6.0
7294715,Cordia,Cordia superba,-7.696944,-34.990833,Brazil,,2015.0,5.0,4.0
7294715,Cordia,Cordia superba,-10.892164,-37.054111,Brazil,,2015.0,5.0,6.0
7294715,Cordia,Cordia superba,-22.833056,-43.072778,Brazil,,2015.0,7.0,7.0
7294715,Cordia,Cordia superba,-22.938889,-42.963056,Brazil,,2015.0,9.0,17.0
7294715,Cordia,Cordia superba,-5.849167,-35.135,Brazil,,2015.0,12.0,28.0
7294715,Cordia,Cordia superba,-5.849167,-35.135,Brazil,,2015.0,12.0,28.0
7294715,Cordia,Cordia superba,-5.849167,-35.229444,Brazil,,2015.0,12.0,28.0
7294715,Cordia,Cordia superba,-6.303569,-35.335708,Brazil,,2015.0,12.0,28.0
7294715,Cordia,Cordia superba,-10.718056,-37.131389,Brazil,,2014.0,1.0,24.0
7294715,Cordia,Cordia superba,-10.718167,-37.131417,Brazil,,2014.0,1.0,24.0
7294715,Cordia,Cordia superba,-15.779722,-47.929722,Brazil,,2014.0,1.0,14.0
7294715,Cordia,Cordia superba,-15.779722,-47.929722,Brazil,,2014.0,1.0,14.0
7294715,Cordia,Cordia superba,-5.589722,-35.425278,Brazil,,2014.0,2.0,8.0
7294715,Cordia,Cordia superba,-5.589722,-35.425278,Brazil,,2014.0,2.0,8.0
7294715,Cordia,Cordia superba,-22.950556,-43.401111,Brazil,,2014.0,2.0,27.0
7294715,Cordia,Cordia superba,-18.090278,-39.673611,Brazil,,2014.0,2.0,1.0
7294715,Cordia,Cordia superba,-5.842778,-35.201389,Brazil,,2014.0,3.0,6.0
7294715,Cordia,Cordia superba,-5.842778,-35.201389,Brazil,,2014.0,3.0,6.0
7294715,Cordia,Cordia superba,-22.863721,-47.086761,Brazil,,2014.0,3.0,18.0
7294715,Cordia,Cordia superba,-11.273889,-37.79,Brazil,,2014.0,4.0,1.0
7294715,Cordia,Cordia superba,-10.758056,-37.315,Brazil,,2014.0,4.0,16.0
7294715,Cordia,Cordia superba,-11.273889,-37.79,Brazil,,2014.0,4.0,2.0
7294715,Cordia,Cordia superba,-10.758056,-37.315,Brazil,,2014.0,4.0,16.0
7294715,Cordia,Cordia superba,-11.273889,-37.79,Brazil,,2014.0,4.0,1.0
7294715,Cordia,Cordia superba,-11.273889,-37.79,Brazil,,2014.0,4.0,2.0
7294715,Cordia,Cordia superba,-22.891944,-43.279167,Brazil,,2014.0,4.0,7.0
7294715,Cordia,Cordia superba,-10.688611,-37.148333,Brazil,,2014.0,6.0,3.0
7294715,Cordia,Cordia superba,-10.688611,-37.148333,Brazil,,2014.0,6.0,3.0
7294715,Cordia,Cordia superba,0.0,0.0,Brazil,,2014.0,8.0,18.0
7294715,Cordia,Cordia superba,-22.95,-43.016667,Brazil,,2014.0,8.0,1.0
7294715,Cordia,Cordia superba,-5.813056,-35.191944,Brazil,,2014.0,9.0,24.0
7294715,Cordia,Cordia superba,-5.813056,-35.191944,Brazil,,2014.0,9.0,24.0
7294715,Cordia,Cordia superba,-5.813097,-35.192089,Brazil,,2014.0,9.0,24.0
7294715,Cordia,Cordia superba,-5.813097,-35.192089,Brazil,,2014.0,9.0,24.0
7294715,Cordia,Cordia superba,-11.304444,-37.344722,Brazil,,2014.0,11.0,25.0
7294715,Cordia,Cordia superba,-14.760556,-40.319722,Brazil,,2014.0,11.0,14.0
7294715,Cordia,Cordia superba,-15.839722,-39.599444,Brazil,,2014.0,11.0,25.0
7294715,Cordia,Cordia superba,-11.635,-39.974444,Brazil,,2014.0,11.0,22.0
7294715,Cordia,Cordia superba,-11.512136,-37.579758,Brazil,,2014.0,11.0,25.0
7294715,Cordia,Cordia superba,-22.709167,-47.624722,Brazil,,2014.0,11.0,29.0
7294715,Cordia,Cordia superba,-15.839722,-39.599444,Brazil,,2014.0,11.0,25.0
7294715,Cordia,Cordia superba,-14.760556,-40.319722,Brazil,,2014.0,11.0,14.0
7294715,Cordia,Cordia superba,-14.351944,-40.25,Brazil,,2013.0,1.0,8.0
7294715,Cordia,Cordia superba,-8.541944,-43.265833,Brazil,,2013.0,2.0,18.0
7294715,Cordia,Cordia superba,-8.959722,-43.463333,Brazil,,2013.0,2.0,17.0
7294715,Cordia,Cordia superba,-8.900556,-43.4575,Brazil,,2013.0,2.0,18.0
7294715,Cordia,Cordia superba,-8.959722,-43.463333,Brazil,,2013.0,2.0,17.0
7294715,Cordia,Cordia superba,-8.905556,-43.449167,Brazil,,2013.0,2.0,18.0
7294715,Cordia,Cordia superba,-8.905556,-43.449167,Brazil,,2013.0,2.0,18.0
7294715,Cordia,Cordia superba,-8.900556,-43.449167,Brazil,,2013.0,2.0,18.0
7294715,Cordia,Cordia superba,-8.959722,-43.463333,Brazil,,2013.0,2.0,17.0
7294715,Cordia,Cordia superba,-8.959722,-43.463333,Brazil,,2013.0,2.0,17.0
7294715,Cordia,Cordia superba,-8.900556,-43.449167,Brazil,,2013.0,2.0,18.0
7294715,Cordia,Cordia superba,-8.900556,-43.449167,Brazil,,2013.0,2.0,18.0
7294715,Cordia,Cordia superba,-8.900556,-43.4575,Brazil,,2013.0,2.0,18.0
7294715,Cordia,Cordia superba,-8.900556,-43.4575,Brazil,,2013.0,2.0,18.0
7294715,Cordia,Cordia superba,-8.9025,-43.444444,Brazil,,2013.0,2.0,18.0
7294715,Cordia,Cordia superba,-9.156111,-43.598333,Brazil,,2013.0,2.0,20.0
7294715,Cordia,Cordia superba,-8.915833,-43.879444,Brazil,,2013.0,2.0,20.0
7294715,Cordia,Cordia superba,-9.221667,-43.488889,Brazil,,2013.0,2.0,20.0
7294715,Cordia,Cordia superba,-11.047222,-37.694167,Brazil,,2013.0,4.0,11.0
7294715,Cordia,Cordia superba,-5.929167,-35.188889,Brazil,,2013.0,4.0,11.0
7294715,Cordia,Cordia superba,-11.047111,-37.694056,Brazil,,2013.0,4.0,11.0
7294715,Cordia,Cordia superba,-10.842222,-37.146,Brazil,,2013.0,4.0,27.0
7294715,Cordia,Cordia superba,-5.929167,-35.188889,Brazil,,2013.0,4.0,11.0
7294715,Cordia,Cordia superba,-5.92917,-35.18889,Brazil,,2013.0,4.0,11.0
7294715,Cordia,Cordia superba,-11.225833,-37.451944,Brazil,,2013.0,5.0,9.0
7294715,Cordia,Cordia superba,-13.299444,13.0,Brazil,,2013.0,5.0,9.0
7294715,Cordia,Cordia superba,-11.033333,-37.734167,Brazil,,2013.0,6.0,7.0
7294715,Cordia,Cordia superba,-11.033222,-37.734222,Brazil,,2013.0,6.0,7.0
7294715,Cordia,Cordia superba,-10.113611,-38.416944,Brazil,,2013.0,9.0,12.0
7294715,Cordia,Cordia superba,0.0,0.0,Brazil,,2013.0,9.0,25.0
7294715,Cordia,Cordia superba,-10.113722,-38.416861,Brazil,,2013.0,9.0,12.0
7294715,Cordia,Cordia superba,-11.061667,-38.225833,Brazil,,2013.0,10.0,24.0
7294715,Cordia,Cordia superba,-11.061528,-38.225972,Brazil,,2013.0,10.0,24.0
7294715,Cordia,Cordia superba,-7.560556,-35.0,Brazil,,2013.0,11.0,26.0
7294715,Cordia,Cordia superba,-25.4442,-49.2386,Brazil,,2013.0,12.0,13.0
7294715,Cordia,Cordia superba,-22.937222,-43.003056,Brazil,,2013.0,12.0,13.0
7294715,Cordia,Cordia superba,-10.618981,-37.009258,Brazil,,2012.0,1.0,17.0
7294715,Cordia,Cordia superba,-9.254444,-36.430556,Brazil,,2012.0,1.0,25.0
7294715,Cordia,Cordia superba,-5.933333,-35.183333,Brazil,,2012.0,2.0,24.0
7294715,Cordia,Cordia superba,-5.933333,-35.183333,Brazil,,2012.0,2.0,24.0
7294715,Cordia,Cordia superba,-5.933333,-35.183333,Brazil,,2012.0,2.0,24.0
7294715,Cordia,Cordia superba,-5.93333,-35.18333,Brazil,,2012.0,2.0,24.0
7294715,Cordia,Cordia superba,-11.068889,-37.724722,Brazil,,2012.0,3.0,15.0
7294715,Cordia,Cordia superba,-15.192222,-39.121389,Brazil,,2012.0,3.0,6.0
7294715,Cordia,Cordia superba,-10.426189,-36.772431,Brazil,,2012.0,3.0,21.0
7294715,Cordia,Cordia superba,-11.068889,-37.724722,Brazil,,2012.0,3.0,15.0
7294715,Cordia,Cordia superba,-6.9414,-35.0831,Brazil,,2012.0,4.0,18.0
7294715,Cordia,Cordia superba,-6.941389,-35.083056,Brazil,,2012.0,4.0,18.0
7294715,Cordia,Cordia superba,-10.536111,-37.063333,Brazil,,2012.0,4.0,19.0
7294715,Cordia,Cordia superba,-10.523581,-36.610478,Brazil,,2012.0,4.0,28.0
7294715,Cordia,Cordia superba,-10.523581,-36.610478,Brazil,,2012.0,4.0,28.0
7294715,Cordia,Cordia superba,-10.523581,-36.610478,Brazil,,2012.0,4.0,29.0
7294715,Cordia,Cordia superba,-10.536111,-37.063333,Brazil,,2012.0,4.0,19.0
7294715,Cordia,Cordia superba,-11.382639,-37.425861,Brazil,,2012.0,4.0,17.0
7294715,Cordia,Cordia superba,-6.941306,-35.083056,Brazil,,2012.0,4.0,18.0
7294715,Cordia,Cordia superba,-10.536111,-37.063333,Brazil,,2012.0,4.0,19.0
7294715,Cordia,Cordia superba,-13.268056,-39.662778,Brazil,,2012.0,4.0,18.0
7294715,Cordia,Cordia superba,-6.941389,-35.083056,Brazil,,2012.0,4.0,18.0
7294715,Cordia,Cordia superba,-11.383222,-37.420194,Brazil,,2012.0,5.0,18.0
7294715,Cordia,Cordia superba,-15.8125,-47.9375,Brazil,,2012.0,7.0,19.0
7294715,Cordia,Cordia superba,-22.994722,-43.385833,Brazil,,2012.0,8.0,7.0
7294715,Cordia,Cordia superba,-7.474167,-35.011944,Brazil,,2012.0,10.0,6.0
7294715,Cordia,Cordia superba,-7.794722,-35.021917,Brazil,,2012.0,10.0,6.0
7294715,Cordia,Cordia superba,-10.604167,-37.1125,Brazil,,2012.0,12.0,4.0
7294715,Cordia,Cordia superba,-10.604167,-37.1125,Brazil,,2012.0,12.0,4.0
7294715,Cordia,Cordia superba,-11.2,-37.233333,Brazil,,2011.0,1.0,26.0
7294715,Cordia,Cordia superba,-6.132222,-35.235,Brazil,,2011.0,2.0,11.0
7294715,Cordia,Cordia superba,-6.132222,-35.235,Brazil,,2011.0,2.0,11.0
7294715,Cordia,Cordia superba,-6.319722,-35.219444,Brazil,,2011.0,2.0,12.0
7294715,Cordia,Cordia superba,-6.319722,-35.219444,Brazil,,2011.0,2.0,12.0
7294715,Cordia,Cordia superba,-12.85,-39.466667,Brazil,,2011.0,2.0,8.0
7294715,Cordia,Cordia superba,-6.132317,-35.235036,Brazil,,2011.0,2.0,11.0
7294715,Cordia,Cordia superba,-10.738333,-37.811111,Brazil,,2011.0,3.0,11.0
7294715,Cordia,Cordia superba,-10.666667,-37.540556,Brazil,,2011.0,3.0,11.0
7294715,Cordia,Cordia superba,-10.738333,-37.811111,Brazil,,2011.0,3.0,11.0
7294715,Cordia,Cordia superba,-10.666667,-37.540556,Brazil,,2011.0,3.0,11.0
7294715,Cordia,Cordia superba,-39.48,-128.713056,Brazil,,2011.0,4.0,15.0
7294715,Cordia,Cordia superba,-9.136389,-43.643333,Brazil,,2011.0,7.0,16.0
7294715,Cordia,Cordia superba,-14.736111,-39.1,Brazil,,2011.0,9.0,
7294715,Cordia,Cordia superba,-7.606111,-34.820556,Brazil,,2011.0,9.0,9.0
7294715,Cordia,Cordia superba,-7.606111,-34.820556,Brazil,,2011.0,9.0,9.0
7294715,Cordia,Cordia superba,-8.27944,-35.030422,Brazil,15293.0,2011.0,11.0,1.0
7294715,Cordia,Cordia superba,-22.383333,-47.533333,Brazil,,2011.0,11.0,1.0
7294715,Cordia,Cordia superba,-10.351081,-36.716203,Brazil,,2011.0,11.0,5.0
7294715,Cordia,Cordia superba,-9.254444,-36.430556,Brazil,,2011.0,11.0,27.0
7294715,Cordia,Cordia superba,-10.411944,-37.085278,Brazil,,2011.0,12.0,2.0
7294715,Cordia,Cordia superba,-19.806139,-40.652644,Brazil,,2011.0,12.0,22.0
7294715,Cordia,Cordia superba,-6.4725,-44.925556,Brazil,,2011.0,12.0,9.0
7294715,Cordia,Cordia superba,-10.688611,-37.148333,Brazil,,2011.0,12.0,2.0
7294715,Cordia,Cordia superba,-11.173611,-38.013889,Brazil,,2010.0,1.0,30.0
7294715,Cordia,Cordia superba,-9.970525,-36.516219,Brazil,,2010.0,1.0,21.0
7294715,Cordia,Cordia superba,-9.938194,-36.331828,Brazil,,2010.0,1.0,27.0
7294715,Cordia,Cordia superba,-7.606111,-34.820556,Brazil,,2010.0,1.0,27.0
7294715,Cordia,Cordia superba,-7.606111,-34.820556,Brazil,,2010.0,1.0,27.0
7294715,Cordia,Cordia superba,-7.606111,-34.820556,Brazil,,2010.0,1.0,27.0
7294715,Cordia,Cordia superba,-7.606111,-34.820556,Brazil,,2010.0,1.0,27.0
7294715,Cordia,Cordia superba,-11.173486,-38.013928,Brazil,,2010.0,1.0,30.0
7294715,Cordia,Cordia superba,-24.060278,-49.083611,Brazil,,2010.0,2.0,24.0
7294715,Cordia,Cordia superba,-10.045017,-36.859483,Brazil,,2010.0,2.0,6.0
7294715,Cordia,Cordia superba,-10.045017,-36.859483,Brazil,,2010.0,2.0,6.0
7294715,Cordia,Cordia superba,-13.487778,-41.772222,Brazil,,2010.0,2.0,11.0
7294715,Cordia,Cordia superba,-12.05,-38.0,Brazil,,2010.0,3.0,18.0
7294715,Cordia,Cordia superba,-8.324167,-48.080278,Brazil,,2010.0,3.0,24.0
7294715,Cordia,Cordia superba,-12.05,-38.0,Brazil,,2010.0,3.0,18.0
7294715,Cordia,Cordia superba,-10.596575,-36.912717,Brazil,,2010.0,3.0,6.0
7294715,Cordia,Cordia superba,-10.265469,-37.110994,Brazil,,2010.0,3.0,17.0
7294715,Cordia,Cordia superba,-7.26,-34.9075,Brazil,,2010.0,3.0,5.0
7294715,Cordia,Cordia superba,-10.738333,-37.811111,Brazil,,2010.0,4.0,10.0
7294715,Cordia,Cordia superba,-10.738333,-37.811111,Brazil,,2010.0,4.0,10.0
7294715,Cordia,Cordia superba,-5.503611,-48.191944,Brazil,,2010.0,5.0,22.0
7294715,Cordia,Cordia superba,-6.813889,-47.613889,Brazil,,2010.0,5.0,18.0
7294715,Cordia,Cordia superba,-14.42,-39.08,Brazil,,2010.0,6.0,10.0
7294715,Cordia,Cordia superba,-22.4081668,-49.7004159,Brazil,,2010.0,7.0,1.0
7294715,Cordia,Cordia superba,-7.83,-35.0,Brazil,,2010.0,9.0,16.0
7294715,Cordia,Cordia superba,-7.83,-35.0,Brazil,,2010.0,9.0,16.0
7294715,Cordia,Cordia superba,-11.387222,-37.419167,Brazil,,2010.0,10.0,26.0
7294715,Cordia,Cordia superba,-11.3872,-37.4192,Brazil,,2010.0,10.0,26.0
7294715,Cordia,Cordia superba,-11.387222,-37.419167,Brazil,,2010.0,10.0,26.0
7294715,Cordia,Cordia superba,-11.387222,-37.419167,Brazil,,2010.0,10.0,26.0
7294715,Cordia,Cordia superba,-11.387222,-37.419167,Brazil,,2010.0,10.0,26.0
7294715,Cordia,Cordia superba,-19.674464,-46.905044,Brazil,,2010.0,11.0,19.0
7294715,Cordia,Cordia superba,-6.343611,-35.167778,Brazil,,2010.0,12.0,19.0
7294715,Cordia,Cordia superba,-6.343611,-35.167778,Brazil,,2010.0,12.0,19.0
7294715,Cordia,Cordia superba,-24.046111,-49.084167,Brazil,,2010.0,12.0,7.0
7294715,Cordia,Cordia superba,-7.197222,-35.441822,Brazil,,2010.0,12.0,9.0
7294715,Cordia,Cordia superba,-10.435956,-37.175156,Brazil,,2010.0,12.0,4.0
7294715,Cordia,Cordia superba,-6.343611,-35.167778,Brazil,,2010.0,12.0,19.0
7294715,Cordia,Cordia superba,-7.604722,-34.818056,Brazil,,2010.0,12.0,28.0
7294715,Cordia,Cordia superba,-7.115,-34.863056,Brazil,,2010.0,12.0,9.0
7294715,Cordia,Cordia superba,-7.604722,-34.818056,Brazil,,2010.0,12.0,28.0
7294715,Cordia,Cordia superba,-12.25,-38.9,Brazil,,2009.0,1.0,24.0
7294715,Cordia,Cordia superba,-12.25,-38.9,Brazil,,2009.0,1.0,24.0
7294715,Cordia,Cordia superba,-9.559258,-35.927006,Brazil,,2009.0,1.0,18.0
7294715,Cordia,Cordia superba,-10.094019,-36.191519,Brazil,,2009.0,1.0,27.0
7294715,Cordia,Cordia superba,-9.985339,-36.120256,Brazil,,2009.0,1.0,22.0
7294715,Cordia,Cordia superba,-19.65025,-42.417083,Brazil,,2009.0,1.0,7.0
7294715,Cordia,Cordia superba,-8.915833,-43.879444,Brazil,,2009.0,1.0,1.0
7294715,Cordia,Cordia superba,-22.9056,-47.065751,Brazil,,2009.0,2.0,19.0
7294715,Cordia,Cordia superba,-10.139814,-37.644908,Brazil,,2009.0,2.0,22.0
7294715,Cordia,Cordia superba,-9.406481,-35.825156,Brazil,,2009.0,3.0,21.0
7294715,Cordia,Cordia superba,-9.406481,-35.825156,Brazil,,2009.0,3.0,21.0
7294715,Cordia,Cordia superba,-9.938194,-36.331828,Brazil,,2009.0,4.0,15.0
7294715,Cordia,Cordia superba,-9.801019,-36.639739,Brazil,,2009.0,5.0,30.0
7294715,Cordia,Cordia superba,-10.314661,-36.535186,Brazil,,2009.0,8.0,29.0
7294715,Cordia,Cordia superba,-9.067447,-35.690092,Brazil,,2009.0,9.0,10.0
7294715,Cordia,Cordia superba,-7.833333,-35.0,Brazil,,2009.0,9.0,16.0
7294715,Cordia,Cordia superba,-9.970525,-36.516219,Brazil,,2009.0,10.0,17.0
7294715,Cordia,Cordia superba,-9.970525,-36.516219,Brazil,,2009.0,10.0,17.0
7294715,Cordia,Cordia superba,-7.359,-34.802139,Brazil,,2009.0,10.0,9.0
7294715,Cordia,Cordia superba,-7.252778,-47.5425,Brazil,,2009.0,11.0,27.0
7294715,Cordia,Cordia superba,-7.252778,-47.5425,Brazil,,2009.0,11.0,27.0
7294715,Cordia,Cordia superba,-7.834444,-34.906139,Brazil,,2009.0,11.0,24.0
7294715,Cordia,Cordia superba,-6.8047,-35.08431,Brazil,,2009.0,12.0,15.0
7294715,Cordia,Cordia superba,-14.463889,-42.513056,Brazil,,2009.0,12.0,10.0
7294715,Cordia,Cordia superba,-13.592592,-41.927469,Brazil,,2009.0,12.0,16.0
7294715,Cordia,Cordia superba,-12.8,-41.366667,Brazil,,2009.0,12.0,16.0
7294715,Cordia,Cordia superba,-14.463889,-42.513056,Brazil,,2009.0,12.0,10.0
7294715,Cordia,Cordia superba,-6.804722,-35.084306,Brazil,,2009.0,12.0,15.0
7294715,Cordia,Cordia superba,-6.708889,-35.179167,Brazil,,2009.0,12.0,16.0
7294715,Cordia,Cordia superba,-6.7089,-35.1792,Brazil,,2009.0,12.0,16.0
7294715,Cordia,Cordia superba,-6.804722,-35.084444,Brazil,,2009.0,12.0,15.0
7294715,Cordia,Cordia superba,-6.708889,-35.179167,Brazil,,2009.0,12.0,16.0
7294715,Cordia,Cordia superba,-23.3450846,-48.4631767,Brazil,,2008.0,1.0,1.0
7294715,Cordia,Cordia superba,-10.593333,-36.94,Brazil,,2008.0,1.0,28.0
7294715,Cordia,Cordia superba,-8.392283,-35.533897,Brazil,,2008.0,1.0,25.0
7294715,Cordia,Cordia superba,-9.571289,-35.936228,Brazil,,2008.0,1.0,26.0
7294715,Cordia,Cordia superba,-9.571289,-35.936228,Brazil,,2008.0,1.0,26.0
7294715,Cordia,Cordia superba,-11.816667,-5.15,Brazil,,2008.0,1.0,16.0
7294715,Cordia,Cordia superba,-10.593333,-36.94,Brazil,,2008.0,1.0,28.0
7294715,Cordia,Cordia superba,-7.115,-34.863056,Brazil,,2008.0,2.0,15.0
7294715,Cordia,Cordia superba,-12.648333,-39.491944,Brazil,,2008.0,3.0,9.0
7294715,Cordia,Cordia superba,-12.648333,-39.491944,Brazil,,2008.0,3.0,9.0
7294715,Cordia,Cordia superba,-14.02,-42.514722,Brazil,,2008.0,5.0,23.0
7294715,Cordia,Cordia superba,-12.441667,-45.163889,Brazil,,2008.0,6.0,12.0
7294715,Cordia,Cordia superba,-9.559258,-37.309258,Brazil,,2008.0,8.0,3.0
7294715,Cordia,Cordia superba,-10.256944,-37.102314,Brazil,,2008.0,8.0,3.0
7294715,Cordia,Cordia superba,-14.176389,-39.731944,Brazil,,2008.0,9.0,15.0
7294715,Cordia,Cordia superba,-14.167222,-39.711111,Brazil,,2008.0,9.0,15.0
7294715,Cordia,Cordia superba,-14.1764,-39.7319,Brazil,,2008.0,9.0,15.0
7294715,Cordia,Cordia superba,-14.1672,-39.7111,Brazil,,2008.0,9.0,15.0
7294715,Cordia,Cordia superba,-19.579167,-39.7925,Brazil,,2008.0,10.0,24.0
7294715,Cordia,Cordia superba,-14.167222,-39.711111,Brazil,,2008.0,10.0,27.0
7294715,Cordia,Cordia superba,-7.771944,-34.936667,Brazil,,2008.0,10.0,23.0
7294715,Cordia,Cordia superba,-19.579167,-39.7925,Brazil,,2008.0,10.0,24.0
7294715,Cordia,Cordia superba,-14.167222,-39.711111,Brazil,,2008.0,10.0,27.0
7294715,Cordia,Cordia superba,-14.167222,-39.711111,Brazil,,2008.0,10.0,27.0
7294715,Cordia,Cordia superba,-23.383611,-47.720833,Brazil,,2008.0,10.0,19.0
7294715,Cordia,Cordia superba,-14.1672,-39.7111,Brazil,,2008.0,10.0,27.0
7294715,Cordia,Cordia superba,-10.593333,-36.94,Brazil,,2008.0,11.0,7.0
7294715,Cordia,Cordia superba,-10.094019,-36.191519,Brazil,,2008.0,11.0,20.0
7294715,Cordia,Cordia superba,-10.435956,-37.175156,Brazil,,2008.0,11.0,23.0
7294715,Cordia,Cordia superba,-7.26,-34.9075,Brazil,,2008.0,11.0,14.0
7294715,Cordia,Cordia superba,-10.593333,-36.94,Brazil,,2008.0,11.0,7.0
7294715,Cordia,Cordia superba,-7.848611,-34.989167,Brazil,,2008.0,12.0,18.0
7294715,Cordia,Cordia superba,-7.848611,-34.989167,Brazil,,2008.0,12.0,18.0
7294715,Cordia,Cordia superba,-10.094019,-36.191519,Brazil,,2007.0,2.0,7.0
7294715,Cordia,Cordia superba,-8.256944,-38.1375,Brazil,,2007.0,2.0,1.0
7294715,Cordia,Cordia superba,-8.256944,-38.1375,Brazil,,2007.0,2.0,1.0
7294715,Cordia,Cordia superba,-3.208056,-43.403333,Brazil,,2007.0,2.0,2.0
7294715,Cordia,Cordia superba,-39.15,-131.666111,Brazil,,2007.0,3.0,17.0
7294715,Cordia,Cordia superba,-23.38048,-45.07879,Brazil,,2007.0,3.0,3.0
7294715,Cordia,Cordia superba,-3.208056,-43.403333,Brazil,,2007.0,3.0,23.0
7294715,Cordia,Cordia superba,-13.166667,-39.15,Brazil,,2007.0,3.0,17.0
7294715,Cordia,Cordia superba,-21.6210674,-48.5376072,Brazil,,2007.0,4.0,3.0
7294715,Cordia,Cordia superba,-37.95,-128.833056,Brazil,,2007.0,5.0,26.0
7294715,Cordia,Cordia superba,-7.788333,-35.015556,Brazil,,2007.0,6.0,14.0
7294715,Cordia,Cordia superba,-7.841111,-34.994722,Brazil,,2007.0,7.0,29.0
7294715,Cordia,Cordia superba,-7.841111,-34.994722,Brazil,,2007.0,7.0,29.0
7294715,Cordia,Cordia superba,-7.841111,-34.994722,Brazil,,2007.0,7.0,29.0
7294715,Cordia,Cordia superba,-7.780278,-34.990556,Brazil,,2007.0,10.0,4.0
7294715,Cordia,Cordia superba,-10.094019,-36.191519,Brazil,,2007.0,10.0,20.0
7294715,Cordia,Cordia superba,-7.751361,-34.981083,Brazil,,2007.0,10.0,30.0
7294715,Cordia,Cordia superba,-7.780277,-34.990555,Brazil,,2007.0,10.0,4.0
7294715,Cordia,Cordia superba,-7.751111,-34.980833,Brazil,,2007.0,10.0,30.0
7294715,Cordia,Cordia superba,-24.114722,-49.853056,Brazil,,2007.0,11.0,4.0
7294715,Cordia,Cordia superba,-24.114722,-49.853056,Brazil,,2007.0,11.0,4.0
7294715,Cordia,Cordia superba,-11.667131,-37.512733,Brazil,,2007.0,11.0,5.0
7294715,Cordia,Cordia superba,-24.114806,-49.853056,Brazil,,2007.0,11.0,4.0
7294715,Cordia,Cordia superba,-24.104444,-49.847222,Brazil,,2007.0,12.0,1.0
7294715,Cordia,Cordia superba,-24.104444,-49.847222,Brazil,,2007.0,12.0,1.0
7294715,Cordia,Cordia superba,-10.094019,-36.191519,Brazil,,2007.0,12.0,27.0
7294715,Cordia,Cordia superba,-9.398767,-35.148767,Brazil,,2007.0,12.0,
7294715,Cordia,Cordia superba,-7.8375,-35.002778,Brazil,,2007.0,12.0,19.0
7294715,Cordia,Cordia superba,-6.493617,-34.978633,Brazil,,2007.0,12.0,17.0
7294715,Cordia,Cordia superba,-7.115,-34.863056,Brazil,,2007.0,12.0,28.0
7294715,Cordia,Cordia superba,-10.094019,-36.191519,Brazil,,2006.0,1.0,28.0
7294715,Cordia,Cordia superba,-6.374122,-35.023558,Brazil,,2006.0,2.0,5.0
7294715,Cordia,Cordia superba,-7.219167,-44.1975,Brazil,,2006.0,3.0,
7294715,Cordia,Cordia superba,-12.416944,-40.516389,Brazil,,2006.0,4.0,22.0
7294715,Cordia,Cordia superba,-12.4169,-40.5164,Brazil,,2006.0,4.0,22.0
7294715,Cordia,Cordia superba,-9.743364,-36.034878,Brazil,,2006.0,5.0,5.0
7294715,Cordia,Cordia superba,-10.116975,-36.231328,Brazil,,2006.0,5.0,12.0
7294715,Cordia,Cordia superba,-41.35,-129.833056,Brazil,,2006.0,6.0,7.0
7294715,Cordia,Cordia superba,-7.468906,-35.502622,Brazil,,2006.0,6.0,30.0
7294715,Cordia,Cordia superba,-22.866667,-48.016667,Brazil,,2006.0,6.0,1.0
7294715,Cordia,Cordia superba,-13.516667,-41.933333,Brazil,,2006.0,7.0,29.0
7294715,Cordia,Cordia superba,-13.516667,-41.933333,Brazil,,2006.0,7.0,29.0
7294715,Cordia,Cordia superba,-10.051853,-36.4821,Brazil,,2006.0,8.0,18.0
7294715,Cordia,Cordia superba,-23.38048,-45.07879,Brazil,,2006.0,9.0,26.0
7294715,Cordia,Cordia superba,-7.5325,-46.035556,Brazil,,2006.0,9.0,24.0
7294715,Cordia,Cordia superba,-23.3815813,-45.0795889,Brazil,,2006.0,11.0,6.0
7294715,Cordia,Cordia superba,-23.3815813,-45.0795889,Brazil,,2006.0,11.0,6.0
7294715,Cordia,Cordia superba,-10.094019,-36.191519,Brazil,,2006.0,11.0,1.0
7294715,Cordia,Cordia superba,-9.77655,-35.958286,Brazil,,2006.0,11.0,30.0
7294715,Cordia,Cordia superba,-11.666667,-41.016667,Brazil,,2006.0,12.0,9.0
7294715,Cordia,Cordia superba,-6.579444,-47.469722,Brazil,,2005.0,2.0,19.0
7294715,Cordia,Cordia superba,-6.579444,-47.469722,Brazil,,2005.0,2.0,19.0
7294715,Cordia,Cordia superba,-10.200308,-36.387192,Brazil,,2005.0,2.0,25.0
7294715,Cordia,Cordia superba,-6.579444,-47.469722,Brazil,,2005.0,2.0,19.0
7294715,Cordia,Cordia superba,-6.601944,-47.482222,Brazil,,2005.0,2.0,21.0
7294715,Cordia,Cordia superba,-6.374122,-35.023558,Brazil,,2005.0,2.0,25.0
7294715,Cordia,Cordia superba,-12.3025,-40.4875,Brazil,,2005.0,3.0,27.0
7294715,Cordia,Cordia superba,-12.3025,-40.4875,Brazil,,2005.0,3.0,27.0
7294715,Cordia,Cordia superba,-12.3025,-40.4875,Brazil,,2005.0,3.0,27.0
7294715,Cordia,Cordia superba,-9.910339,-36.567747,Brazil,,2005.0,4.0,1.0
7294715,Cordia,Cordia superba,-9.910339,-36.567747,Brazil,,2005.0,4.0,5.0
7294715,Cordia,Cordia superba,-7.838611,-34.979444,Brazil,,2005.0,5.0,22.0
7294715,Cordia,Cordia superba,-6.833056,-43.524444,Brazil,,2005.0,6.0,2.0
7294715,Cordia,Cordia superba,-6.819167,-43.550278,Brazil,,2005.0,6.0,2.0
5660132,Cordia,Cordia superba,-13.944444,-41.069444,Brazil,,2005.0,8.0,27.0
7294715,Cordia,Cordia superba,-1.459444,-47.734167,Brazil,,2005.0,9.0,9.0
7294715,Cordia,Cordia superba,-13.035186,-40.0,Brazil,,2005.0,10.0,29.0
7294715,Cordia,Cordia superba,-13.016667,-39.6,Brazil,,2005.0,10.0,29.0
7294715,Cordia,Cordia superba,-16.028611,-39.921389,Brazil,,2004.0,1.0,31.0
7294715,Cordia,Cordia superba,-16.028611,-39.921389,Brazil,,2004.0,1.0,31.0
7294715,Cordia,Cordia superba,-16.152222,-40.527778,Brazil,,2004.0,1.0,23.0
7294715,Cordia,Cordia superba,-17.633333,-40.527778,Brazil,,2004.0,1.0,23.0
7294715,Cordia,Cordia superba,-16.152222,-40.527778,Brazil,,2004.0,1.0,23.0
7294715,Cordia,Cordia superba,-16.0286,-39.9214,Brazil,,2004.0,1.0,31.0
7294715,Cordia,Cordia superba,-40.4,-134.666111,Brazil,,2004.0,2.0,15.0
7294715,Cordia,Cordia superba,-7.693889,-34.969722,Brazil,,2004.0,2.0,18.0
7294715,Cordia,Cordia superba,-13.621944,-41.762222,Brazil,,2004.0,2.0,6.0
7294715,Cordia,Cordia superba,-13.466667,-40.4,Brazil,,2004.0,2.0,15.0
7294715,Cordia,Cordia superba,-11.2583,-40.4639,Brazil,,2004.0,3.0,24.0
7294715,Cordia,Cordia superba,-12.5667,-39.4833,Brazil,,2004.0,3.0,21.0
7294715,Cordia,Cordia superba,-12.57,-39.48,Brazil,,2004.0,3.0,21.0
7294715,Cordia,Cordia superba,-12.73,-39.78,Brazil,,2004.0,3.0,20.0
7294715,Cordia,Cordia superba,-12.85,-39.47,Brazil,,2004.0,3.0,21.0
7294715,Cordia,Cordia superba,-12.57,-39.48,Brazil,,2004.0,3.0,21.0
7294715,Cordia,Cordia superba,-11.115833,-40.406389,Brazil,,2004.0,3.0,24.0
7294715,Cordia,Cordia superba,-12.733333,-39.783333,Brazil,,2004.0,3.0,20.0
7294715,Cordia,Cordia superba,-12.85,-39.466667,Brazil,,2004.0,3.0,21.0
7294715,Cordia,Cordia superba,-11.1158,-40.4064,Brazil,,2004.0,3.0,24.0
7294715,Cordia,Cordia superba,-12.73,-39.78,Brazil,,2004.0,3.0,20.0
7294715,Cordia,Cordia superba,-12.85,-39.47,Brazil,,2004.0,3.0,21.0
7294715,Cordia,Cordia superba,-12.566667,-39.483333,Brazil,,2004.0,3.0,21.0
7294715,Cordia,Cordia superba,-11.115833,-40.406389,Brazil,,2004.0,3.0,24.0
7294715,Cordia,Cordia superba,-11.115833,-40.406389,Brazil,,2004.0,3.0,24.0
7294715,Cordia,Cordia superba,-12.566667,-39.483333,Brazil,,2004.0,3.0,21.0
7294715,Cordia,Cordia superba,-11.115833,-40.406389,Brazil,,2004.0,3.0,24.0
7294715,Cordia,Cordia superba,-11.115833,-40.406389,Brazil,,2004.0,3.0,24.0
7294715,Cordia,Cordia superba,-19.85,-42.133333,Brazil,,2004.0,4.0,12.0
5660132,Cordia,Cordia superba,-13.944444,-40.110278,Brazil,,2004.0,4.0,23.0
7294715,Cordia,Cordia superba,-11.368581,-36.300417,Brazil,,2004.0,4.0,6.0
5660132,Cordia,Cordia superba,-13.944444,-41.069444,Brazil,,2004.0,4.0,23.0
7294715,Cordia,Cordia superba,-13.944444,-41.069444,Brazil,,2004.0,4.0,23.0
5660132,Cordia,Cordia superba,-13.95,-41.052778,Brazil,,2004.0,4.0,24.0
7294715,Cordia,Cordia superba,-19.85,-42.133333,Brazil,,2004.0,4.0,12.0
5660132,Cordia,Cordia superba,-13.95,-40.1075,Brazil,,2004.0,4.0,24.0
5660132,Cordia,Cordia superba,-13.944444,-40.110278,Brazil,,2004.0,4.0,23.0
7294715,Cordia,Cordia superba,-19.85,-42.13333,Brazil,,2004.0,4.0,12.0
7294715,Cordia,Cordia superba,-13.602778,-42.7625,Brazil,,2004.0,5.0,23.0
7294715,Cordia,Cordia superba,-13.602777,-42.7625,Brazil,,2004.0,5.0,23.0
7294715,Cordia,Cordia superba,-9.559167,-35.936342,Brazil,,2004.0,5.0,13.0
7294715,Cordia,Cordia superba,-23.2235813,-45.310989,Brazil,,2004.0,7.0,1.0
7294715,Cordia,Cordia superba,-23.2235813,-45.310989,Brazil,,2004.0,7.0,1.0
7294715,Cordia,Cordia superba,-12.271111,-39.059444,Brazil,,2004.0,8.0,18.0
7294715,Cordia,Cordia superba,-12.271111,-39.059444,Brazil,,2004.0,8.0,18.0
7294715,Cordia,Cordia superba,-14.3972,-39.1778,Brazil,,2004.0,9.0,21.0
7294715,Cordia,Cordia superba,-14.354722,-39.122778,Brazil,,2004.0,9.0,21.0
7294715,Cordia,Cordia superba,0.0,0.0,Brazil,,2004.0,9.0,23.0
7294715,Cordia,Cordia superba,-14.3547,-39.1228,Brazil,,2004.0,9.0,21.0
7294715,Cordia,Cordia superba,-14.705833,-39.603333,Brazil,,2004.0,9.0,19.0
7294715,Cordia,Cordia superba,-14.354722,-39.122778,Brazil,,2004.0,9.0,21.0
7294715,Cordia,Cordia superba,-6.373833,-35.02325,Brazil,,2004.0,9.0,3.0
7294715,Cordia,Cordia superba,-14.354722,-40.205556,Brazil,,2004.0,9.0,21.0
7294715,Cordia,Cordia superba,-22.4081668,-49.7004159,Brazil,,2004.0,10.0,1.0
7294715,Cordia,Cordia superba,-15.251389,-39.1725,Brazil,,2004.0,10.0,23.0
7294715,Cordia,Cordia superba,-15.2514,-39.1725,Brazil,,2004.0,10.0,23.0
7294715,Cordia,Cordia superba,-15.251389,-39.1725,Brazil,,2004.0,10.0,23.0
7294715,Cordia,Cordia superba,-15.9075,-39.120556,Brazil,,2004.0,10.0,22.0
7294715,Cordia,Cordia superba,-9.7625,-37.2725,Brazil,,2003.0,1.0,11.0
7294715,Cordia,Cordia superba,-10.548056,-36.799444,Brazil,,2003.0,1.0,18.0
7294715,Cordia,Cordia superba,-10.548056,-36.799444,Brazil,,2003.0,1.0,18.0
7294715,Cordia,Cordia superba,-9.912778,-36.3075,Brazil,,2003.0,1.0,18.0
7294715,Cordia,Cordia superba,-9.912778,-36.3075,Brazil,,2003.0,1.0,18.0
7294715,Cordia,Cordia superba,-7.788611,-35.0,Brazil,,2003.0,3.0,12.0
7294715,Cordia,Cordia superba,-7.788611,-35.014167,Brazil,,2003.0,3.0,12.0
7294715,Cordia,Cordia superba,-7.838889,-35.002778,Brazil,,2003.0,3.0,28.0
7294715,Cordia,Cordia superba,-7.788611,-35.014166,Brazil,,2003.0,3.0,12.0
7294715,Cordia,Cordia superba,-7.7886,-35.0,Brazil,,2003.0,3.0,12.0
7294715,Cordia,Cordia superba,-7.788611,-35.025278,Brazil,,2003.0,3.0,12.0
7294715,Cordia,Cordia superba,-13.803889,-46.530833,Brazil,,2003.0,4.0,12.0
7294715,Cordia,Cordia superba,-7.838889,-35.002778,Brazil,,2003.0,5.0,15.0
7294715,Cordia,Cordia superba,-22.7,-47.633333,Brazil,,2003.0,5.0,24.0
7294715,Cordia,Cordia superba,-1.16,-46.517222,Brazil,,2003.0,9.0,29.0
7294715,Cordia,Cordia superba,-11.6025,-46.517222,Brazil,,2003.0,9.0,29.0
7294715,Cordia,Cordia superba,-9.665833,-35.735278,Brazil,,2003.0,12.0,1.0
7294715,Cordia,Cordia superba,-9.954722,-36.544444,Brazil,,2003.0,12.0,1.0
7294715,Cordia,Cordia superba,-10.596575,-36.912717,Brazil,,2003.0,12.0,1.0
7294715,Cordia,Cordia superba,-12.25,-38.966667,Brazil,,2003.0,12.0,2.0
7294715,Cordia,Cordia superba,-12.25,-38.966667,Brazil,,2003.0,12.0,2.0
7294715,Cordia,Cordia superba,-10.116111,-36.231389,Brazil,,2003.0,12.0,1.0
7294715,Cordia,Cordia superba,-22.866667,-48.433333,Brazil,,2003.0,12.0,16.0
7294715,Cordia,Cordia superba,-9.456025,-35.634197,Brazil,,2003.0,,
7294715,Cordia,Cordia superba,-9.985617,-36.796489,Brazil,,2003.0,,
7294715,Cordia,Cordia superba,-9.985617,-36.796489,Brazil,,2003.0,,
7294715,Cordia,Cordia superba,-10.214722,-37.105278,Brazil,,2002.0,2.0,9.0
7294715,Cordia,Cordia superba,-10.287778,-36.582222,Brazil,,2002.0,2.0,12.0
7294715,Cordia,Cordia superba,-10.218678,-37.105975,Brazil,,2002.0,2.0,9.0
7294715,Cordia,Cordia superba,-10.488519,-36.972886,Brazil,,2002.0,2.0,12.0
7294715,Cordia,Cordia superba,-41.65,-135.833056,Brazil,,2002.0,3.0,10.0
7294715,Cordia,Cordia superba,-22.9,-47.06,Brazil,,2002.0,4.0,24.0
7294715,Cordia,Cordia superba,-7.838889,-35.002778,Brazil,,2002.0,4.0,12.0
7294715,Cordia,Cordia superba,-22.4082398,-49.7006539,Brazil,,2002.0,5.0,25.0
7294715,Cordia,Cordia superba,-25.0753787,-47.9319128,Brazil,,2002.0,8.0,3.0
7294715,Cordia,Cordia superba,-6.80472,-35.08417,Brazil,,2002.0,8.0,22.0
7294715,Cordia,Cordia superba,-7.838889,-35.002778,Brazil,,2002.0,9.0,12.0
7294715,Cordia,Cordia superba,0.0,0.0,Brazil,,2002.0,10.0,1.0
7294715,Cordia,Cordia superba,-11.59,-40.05,Brazil,,2002.0,10.0,1.0
7294715,Cordia,Cordia superba,-11.983333,-40.833333,Brazil,,2002.0,10.0,1.0
7294715,Cordia,Cordia superba,-11.983333,-40.083333,Brazil,,2002.0,10.0,1.0
7294715,Cordia,Cordia superba,-11.983333,-40.833333,Brazil,,2002.0,10.0,1.0
7294715,Cordia,Cordia superba,-23.33,-46.43,Brazil,,2002.0,11.0,8.0
7294715,Cordia,Cordia superba,-6.72028,-35.18194,Brazil,,2002.0,11.0,27.0
7294715,Cordia,Cordia superba,-10.060111,-36.286583,Brazil,,2002.0,11.0,4.0
7294715,Cordia,Cordia superba,-23.55,-46.716667,Brazil,,2002.0,11.0,8.0
7294715,Cordia,Cordia superba,-7.838889,-35.002778,Brazil,,2002.0,12.0,12.0
7294715,Cordia,Cordia superba,-12.833333,-39.466667,Brazil,,2001.0,2.0,14.0
7294715,Cordia,Cordia superba,-13.935833,-46.480278,Brazil,,2001.0,3.0,5.0
7294715,Cordia,Cordia superba,-7.408611,-35.275,Brazil,,2001.0,3.0,2.0
7294715,Cordia,Cordia superba,-15.153611,-39.6575,Brazil,,2001.0,3.0,19.0
7294715,Cordia,Cordia superba,-7.690864,-35.463581,Brazil,,2001.0,3.0,2.0
7294715,Cordia,Cordia superba,-12.541111,-38.380833,Brazil,,2001.0,3.0,25.0
7294715,Cordia,Cordia superba,-13.806111,-46.528333,Brazil,,2001.0,3.0,5.0
7294715,Cordia,Cordia superba,-21.240639,-47.750461,Brazil,,2001.0,4.0,18.0
7294715,Cordia,Cordia superba,-14.709167,-39.185278,Brazil,,2001.0,4.0,10.0
7294715,Cordia,Cordia superba,-14.709167,-39.185278,Brazil,,2001.0,4.0,10.0
7294715,Cordia,Cordia superba,-12.983333,-40.9725,Brazil,,2001.0,4.0,13.0
7294715,Cordia,Cordia superba,-12.7925,-40.808056,Brazil,,2001.0,4.0,28.0
7294715,Cordia,Cordia superba,-14.7,-39.183333,Brazil,,2001.0,4.0,9.0
7294715,Cordia,Cordia superba,-14.7,-39.183333,Brazil,,2001.0,4.0,10.0
7294715,Cordia,Cordia superba,-13.099722,-40.146667,Brazil,,2001.0,5.0,14.0
7294715,Cordia,Cordia superba,-13.099722,-40.146667,Brazil,,2001.0,5.0,14.0
7294715,Cordia,Cordia superba,0.0,0.0,Brazil,,2001.0,6.0,4.0
7294715,Cordia,Cordia superba,-22.4174668,-49.6952169,Brazil,,2001.0,6.0,1.0
7294715,Cordia,Cordia superba,-12.2825,-41.297222,Brazil,,2001.0,6.0,4.0
7294715,Cordia,Cordia superba,-12.344444,-41.159167,Brazil,,2001.0,6.0,3.0
7294715,Cordia,Cordia superba,-12.2825,-41.284722,Brazil,,2001.0,6.0,4.0
7294715,Cordia,Cordia superba,-13.1488258,-55.4633258,Brazil,,2001.0,8.0,3.0
7294715,Cordia,Cordia superba,-83.7663208,-92.533798,Brazil,,2001.0,8.0,3.0
7294715,Cordia,Cordia superba,0.08673,6.1382637,Brazil,,2001.0,8.0,3.0
7294715,Cordia,Cordia superba,-23.33,-46.43,Brazil,,2001.0,8.0,15.0
7294715,Cordia,Cordia superba,-22.870251,-47.077171,Brazil,,2001.0,8.0,17.0
7294715,Cordia,Cordia superba,-22.863721,-47.086761,Brazil,,2001.0,8.0,10.0
7294715,Cordia,Cordia superba,-23.55,-46.716667,Brazil,,2001.0,8.0,15.0
7294715,Cordia,Cordia superba,-9.7625,-37.2725,Brazil,,2001.0,10.0,26.0
7294715,Cordia,Cordia superba,-10.273733,-37.457153,Brazil,,2001.0,10.0,26.0
7294715,Cordia,Cordia superba,-7.836389,-35.0,Brazil,,2001.0,10.0,24.0
7294715,Cordia,Cordia superba,-9.7,-35.866667,Brazil,,2001.0,11.0,7.0
7294715,Cordia,Cordia superba,0.0,0.0,Brazil,,2001.0,11.0,16.0
7294715,Cordia,Cordia superba,-10.166667,-36.451853,Brazil,,2001.0,11.0,7.0
7294715,Cordia,Cordia superba,0.0,0.0,Brazil,,2000.0,2.0,26.0
7294715,Cordia,Cordia superba,-13.046944,-39.432222,Brazil,,2000.0,2.0,24.0
7294715,Cordia,Cordia superba,-14.144167,-46.640556,Brazil,,2000.0,3.0,25.0
7294715,Cordia,Cordia superba,-14.144166,-46.640555,Brazil,,2000.0,3.0,25.0
7294715,Cordia,Cordia superba,-13.636389,-46.775833,Brazil,,2000.0,7.0,14.0
7294715,Cordia,Cordia superba,-13.636388,-46.775833,Brazil,,2000.0,7.0,14.0
7294715,Cordia,Cordia superba,-14.602222,-39.274167,Brazil,,2000.0,9.0,22.0
7294715,Cordia,Cordia superba,-9.798611,-36.292222,Brazil,,2000.0,11.0,11.0
7294715,Cordia,Cordia superba,-9.783056,-36.357778,Brazil,,2000.0,11.0,11.0
7294715,Cordia,Cordia superba,-10.340586,-36.489506,Brazil,,2000.0,11.0,11.0
7294715,Cordia,Cordia superba,-10.308689,-36.6048,Brazil,,2000.0,11.0,11.0
7294715,Cordia,Cordia superba,-9.783056,-36.357778,Brazil,,2000.0,12.0,2.0
7294715,Cordia,Cordia superba,-9.762778,-36.419167,Brazil,,2000.0,12.0,2.0
7294715,Cordia,Cordia superba,-9.762778,-36.419167,Brazil,,2000.0,12.0,2.0
7294715,Cordia,Cordia superba,-10.308689,-36.6048,Brazil,,2000.0,12.0,2.0
7294715,Cordia,Cordia superba,-10.274383,-36.708797,Brazil,,2000.0,12.0,2.0
7294715,Cordia,Cordia superba,-10.274383,-36.708797,Brazil,,2000.0,12.0,2.0
7294715,Cordia,Cordia superba,-9.574722,-35.765278,Brazil,,1999.0,1.0,27.0
7294715,Cordia,Cordia superba,-9.963225,-36.281258,Brazil,,1999.0,1.0,27.0
7294715,Cordia,Cordia superba,-13.32,-41.798611,Brazil,,1999.0,1.0,8.0
7294715,Cordia,Cordia superba,-5.929167,-35.1875,Brazil,,1999.0,2.0,9.0
7294715,Cordia,Cordia superba,-5.929167,-35.1875,Brazil,,1999.0,2.0,9.0
7294715,Cordia,Cordia superba,-55.5,-35.275,Brazil,,1999.0,2.0,18.0
7294715,Cordia,Cordia superba,-55.5,-35.275,Brazil,,1999.0,2.0,18.0
7294715,Cordia,Cordia superba,-12.731389,-39.210278,Brazil,,1999.0,2.0,14.0
7294715,Cordia,Cordia superba,-13.220525,-39.350772,Brazil,,1999.0,2.0,14.0
7294715,Cordia,Cordia superba,-5.929167,-35.1875,Brazil,,1999.0,2.0,9.0
7294715,Cordia,Cordia superba,-36.41225,-36.41225,Brazil,,1999.0,5.0,14.0
7294715,Cordia,Cordia superba,-6.741861,-35.142056,Brazil,,1999.0,6.0,6.0
7294715,Cordia,Cordia superba,-8.2,-36.416667,Brazil,,1999.0,6.0,15.0
7294715,Cordia,Cordia superba,-13.502222,-42.230556,Brazil,,1999.0,8.0,29.0
7294715,Cordia,Cordia superba,-12.033333,-41.5,Brazil,,1999.0,8.0,30.0
7294715,Cordia,Cordia superba,-11.599444,-40.599444,Brazil,,1999.0,8.0,11.0
7294715,Cordia,Cordia superba,-13.839444,-42.384722,Brazil,,1999.0,8.0,29.0
7294715,Cordia,Cordia superba,-12.034167,-41.501111,Brazil,,1999.0,8.0,30.0
7294715,Cordia,Cordia superba,-13.839444,-42.384722,Brazil,,1999.0,8.0,29.0
7294715,Cordia,Cordia superba,-10.255,-36.370833,Brazil,,1999.0,9.0,10.0
7294715,Cordia,Cordia superba,-10.255,-36.370556,Brazil,,1999.0,9.0,15.0
7294715,Cordia,Cordia superba,-6.838889,-35.125833,Brazil,,1999.0,10.0,23.0
7294715,Cordia,Cordia superba,0.0,0.0,Brazil,,1999.0,11.0,18.0
7294715,Cordia,Cordia superba,-9.7625,-37.2725,Brazil,,1999.0,11.0,4.0
7294715,Cordia,Cordia superba,-11.651944,-40.961667,Brazil,,1999.0,11.0,18.0
7294715,Cordia,Cordia superba,-10.273733,-37.457153,Brazil,,1999.0,11.0,4.0
7294715,Cordia,Cordia superba,-40.35,-107.333056,Brazil,,1999.0,12.0,20.0
7294715,Cordia,Cordia superba,0.0,0.0,Brazil,,1998.0,5.0,13.0
7294715,Cordia,Cordia superba,-9.510556,-35.812222,Brazil,,1998.0,6.0,16.0
7294715,Cordia,Cordia superba,-9.851822,-36.356258,Brazil,,1998.0,6.0,16.0
7294715,Cordia,Cordia superba,-9.371944,-35.554722,Brazil,,1998.0,10.0,15.0
7294715,Cordia,Cordia superba,-9.622269,-35.930117,Brazil,,1998.0,10.0,15.0
7294715,Cordia,Cordia superba,-15.158056,-39.528611,Brazil,,1998.0,11.0,21.0
7294715,Cordia,Cordia superba,-8.2,-36.416667,Brazil,,1998.0,11.0,25.0
7294715,Cordia,Cordia superba,-8.4,-47.75,Brazil,,1998.0,11.0,18.0
7294715,Cordia,Cordia superba,-10.4,-47.1,Brazil,,1998.0,11.0,15.0
7294715,Cordia,Cordia superba,-11.033333,-47.466667,Brazil,,1998.0,11.0,16.0
7294715,Cordia,Cordia superba,-12.58,-39.02,Brazil,,1997.0,1.0,14.0
7294715,Cordia,Cordia superba,-11.9,-39.1,Brazil,,1997.0,1.0,15.0
7294715,Cordia,Cordia superba,-12.58,-39.02,Brazil,,1997.0,1.0,14.0
7294715,Cordia,Cordia superba,-11.9,-39.1,Brazil,,1997.0,1.0,15.0
7294715,Cordia,Cordia superba,-13.0,13.0,Brazil,,1997.0,2.0,8.0
7294715,Cordia,Cordia superba,-13.993056,-42.2075,Brazil,,1997.0,2.0,8.0
7294715,Cordia,Cordia superba,-13.993056,-42.2075,Brazil,,1997.0,2.0,8.0
7294715,Cordia,Cordia superba,-13.993056,-42.2075,Brazil,,1997.0,2.0,8.0
7294715,Cordia,Cordia superba,-11.620833,-40.996111,Brazil,,1997.0,3.0,1.0
7294715,Cordia,Cordia superba,-15.380833,-39.700278,Brazil,,1997.0,4.0,15.0
7294715,Cordia,Cordia superba,-16.366667,-39.566667,Brazil,,1997.0,4.0,28.0
7294715,Cordia,Cordia superba,-1.378056,-4.838889,Brazil,,1997.0,7.0,7.0
7294715,Cordia,Cordia superba,-13.808333,-48.391389,Brazil,,1997.0,7.0,7.0
7294715,Cordia,Cordia superba,-13.78583,-48.39139,Brazil,,1997.0,7.0,7.0
7294715,Cordia,Cordia superba,-13.808333,-48.391389,Brazil,,1997.0,7.0,7.0
7294715,Cordia,Cordia superba,-8.383333,-35.05,Brazil,,1997.0,10.0,21.0
7294715,Cordia,Cordia superba,-9.633333,-48.383333,Brazil,,1997.0,10.0,31.0
7294715,Cordia,Cordia superba,-15.15,-39.08,Brazil,,1996.0,1.0,24.0
7294715,Cordia,Cordia superba,-22.81,-45.19,Brazil,,1996.0,1.0,22.0
7294715,Cordia,Cordia superba,-15.15,-39.08,Brazil,,1996.0,1.0,24.0
7294715,Cordia,Cordia superba,-15.15,-39.083333,Brazil,,1996.0,1.0,24.0
7294715,Cordia,Cordia superba,-22.81,-45.19,Brazil,,1996.0,2.0,24.0
7294715,Cordia,Cordia superba,-11.2225,-37.5025,Brazil,,1996.0,3.0,29.0
7294715,Cordia,Cordia superba,-11.373333,-37.840556,Brazil,,1996.0,3.0,29.0
7294715,Cordia,Cordia superba,-11.373333,-37.840556,Brazil,,1996.0,3.0,29.0
7294715,Cordia,Cordia superba,-11.385556,-37.425833,Brazil,,1996.0,6.0,13.0
7294715,Cordia,Cordia superba,-39.15,-121.833056,Brazil,,1996.0,12.0,1.0
7294715,Cordia,Cordia superba,-7.95,-35.0,Brazil,,1995.0,3.0,6.0
7294715,Cordia,Cordia superba,-7.816667,-34.947778,Brazil,,1995.0,4.0,30.0
7294715,Cordia,Cordia superba,-4.824167,-34.947778,Brazil,,1995.0,4.0,29.0
7294715,Cordia,Cordia superba,-13.5975,-48.188056,Brazil,,1995.0,7.0,21.0
7294715,Cordia,Cordia superba,-48.3,-139.833056,Brazil,,1995.0,7.0,21.0
7294715,Cordia,Cordia superba,-13.983333,-48.3,Brazil,,1995.0,7.0,21.0
7294715,Cordia,Cordia superba,-13.5975,-48.188055,Brazil,,1995.0,7.0,21.0
7294715,Cordia,Cordia superba,-13.983333,-48.3,Brazil,,1995.0,7.0,21.0
7294715,Cordia,Cordia superba,-7.824167,-34.947778,Brazil,,1995.0,9.0,29.0
7294715,Cordia,Cordia superba,-1.588056,-4.841111,Brazil,,1995.0,10.0,5.0
7294715,Cordia,Cordia superba,-13.973333,-48.392778,Brazil,,1995.0,10.0,7.0
7294715,Cordia,Cordia superba,0.0,0.0,Brazil,,1995.0,10.0,5.0
7294715,Cordia,Cordia superba,-15.88333,-48.41667,Brazil,,1995.0,10.0,5.0
7294715,Cordia,Cordia superba,-13.973333,-48.392777,Brazil,,1995.0,10.0,7.0
7294715,Cordia,Cordia superba,-9.614722,-35.739722,Brazil,,1995.0,12.0,13.0
7294715,Cordia,Cordia superba,-10.029592,-36.243942,Brazil,,1995.0,12.0,13.0
7294715,Cordia,Cordia superba,-13.5,-39.7,Brazil,,1994.0,1.0,16.0
7294715,Cordia,Cordia superba,-9.666111,-35.735278,Brazil,,1994.0,1.0,14.0
7294715,Cordia,Cordia superba,-10.116975,-36.231328,Brazil,,1994.0,1.0,14.0
7294715,Cordia,Cordia superba,-15.239167,-40.234722,Brazil,,1994.0,2.0,3.0
7294715,Cordia,Cordia superba,0.0,0.0,Brazil,,1994.0,2.0,3.0
7294715,Cordia,Cordia superba,-18.260749,-39.803704,Brazil,,1994.0,2.0,19.0
7294715,Cordia,Cordia superba,-18.260833,-39.803611,Brazil,,1994.0,2.0,19.0
7294715,Cordia,Cordia superba,0.0,0.0,Brazil,,1994.0,2.0,19.0
7294715,Cordia,Cordia superba,-13.161667,-41.415278,Brazil,,1994.0,2.0,25.0
7294715,Cordia,Cordia superba,-15.2392,-40.2347,Brazil,,1994.0,2.0,3.0
7294715,Cordia,Cordia superba,-15.239167,-40.234722,Brazil,,1994.0,2.0,3.0
7294715,Cordia,Cordia superba,-25.3619,-49.2619,Brazil,,1994.0,2.0,3.0
7294715,Cordia,Cordia superba,-13.271667,-41.698056,Brazil,,1994.0,2.0,25.0
7294715,Cordia,Cordia superba,-13.271667,-41.698055,Brazil,,1994.0,2.0,25.0
7294715,Cordia,Cordia superba,-15.15,-39.083333,Brazil,,1994.0,3.0,16.0
7294715,Cordia,Cordia superba,-21.1325,-48.552778,Brazil,,1994.0,4.0,15.0
7294715,Cordia,Cordia superba,-21.223611,-48.924444,Brazil,,1994.0,4.0,15.0
7294715,Cordia,Cordia superba,-14.983333,-39.266667,Brazil,,1994.0,5.0,20.0
7294715,Cordia,Cordia superba,0.0,0.0,Brazil,,1994.0,9.0,28.0
7294715,Cordia,Cordia superba,-11.0,-42.0,Brazil,,1994.0,9.0,17.0
7294715,Cordia,Cordia superba,-21.73,-46.97,Brazil,,1994.0,11.0,11.0
7294715,Cordia,Cordia superba,-23.54,-46.63,Brazil,,1994.0,12.0,14.0
7294715,Cordia,Cordia superba,-5.795,-35.209444,Brazil,,1994.0,12.0,10.0
7294715,Cordia,Cordia superba,-11.3,-37.5,Brazil,,1993.0,1.0,23.0
7294715,Cordia,Cordia superba,-11.3,-37.5,Brazil,,1993.0,1.0,23.0
7294715,Cordia,Cordia superba,-11.3,-37.5,Brazil,,1993.0,1.0,23.0
7294715,Cordia,Cordia superba,-11.18,-37.3,Brazil,,1993.0,1.0,23.0
7294715,Cordia,Cordia superba,0.0,0.0,Brazil,,1993.0,1.0,22.0
7294715,Cordia,Cordia superba,-11.3,-37.5,Brazil,,1993.0,1.0,23.0
7294715,Cordia,Cordia superba,-11.3,-37.5,Brazil,,1993.0,1.0,23.0
7294715,Cordia,Cordia superba,-10.941111,-40.418889,Brazil,,1993.0,2.0,22.0
7294715,Cordia,Cordia superba,-18.3,-39.72,Brazil,,1993.0,2.0,8.0
7294715,Cordia,Cordia superba,-10.9447166,-40.4188774,Brazil,,1993.0,2.0,22.0
7294715,Cordia,Cordia superba,-16.583889,-39.782778,Brazil,,1993.0,2.0,8.0
7294715,Cordia,Cordia superba,-18.3,-39.72,Brazil,,1993.0,2.0,8.0
7294715,Cordia,Cordia superba,0.0,0.0,Brazil,,1993.0,3.0,24.0
7294715,Cordia,Cordia superba,0.0,0.0,Brazil,,1993.0,3.0,24.0
7294715,Cordia,Cordia superba,-12.733333,-39.516667,Brazil,,1993.0,3.0,12.0
7294715,Cordia,Cordia superba,-22.7,-47.633333,Brazil,,1993.0,3.0,24.0
7294715,Cordia,Cordia superba,0.0,0.0,Brazil,,1993.0,5.0,10.0
7294715,Cordia,Cordia superba,-15.1,-39.0,Brazil,,1993.0,5.0,10.0
7294715,Cordia,Cordia superba,-23.3671769,-46.4336972,Brazil,,1992.0,1.0,1.0
7294715,Cordia,Cordia superba,-9.666111,-35.735278,Brazil,,1992.0,1.0,2.0
7294715,Cordia,Cordia superba,-9.574722,-35.765278,Brazil,,1992.0,1.0,2.0
7294715,Cordia,Cordia superba,-10.116975,-36.231328,Brazil,,1992.0,1.0,2.0
7294715,Cordia,Cordia superba,-9.963225,-36.281258,Brazil,,1992.0,1.0,2.0
7294715,Cordia,Cordia superba,-22.372222,-46.942222,Brazil,,1992.0,3.0,6.0
7294715,Cordia,Cordia superba,-1.411111,-4.826111,Brazil,,1992.0,4.0,14.0
7294715,Cordia,Cordia superba,-14.116667,-48.266667,Brazil,,1992.0,4.0,14.0
7294715,Cordia,Cordia superba,-14.116667,-48.266667,Brazil,,1992.0,4.0,14.0
7294715,Cordia,Cordia superba,-14.11667,-48.26667,Brazil,,1992.0,4.0,14.0
7294715,Cordia,Cordia superba,-14.116667,-48.266667,Brazil,,1992.0,4.0,14.0
7294715,Cordia,Cordia superba,-14.116667,-48.266667,Brazil,,1992.0,4.0,14.0
7294715,Cordia,Cordia superba,-14.116667,-48.266667,Brazil,,1992.0,4.0,14.0
7294715,Cordia,Cordia superba,-1.401111,-48.3,Brazil,,1992.0,6.0,8.0
7294715,Cordia,Cordia superba,-48.3,-140.166111,Brazil,,1992.0,6.0,8.0
7294715,Cordia,Cordia superba,-14.01667,-48.3,Brazil,,1992.0,6.0,8.0
7294715,Cordia,Cordia superba,-12.533333,-39.083333,Brazil,,1992.0,9.0,20.0
7294715,Cordia,Cordia superba,-22.9,-47.06,Brazil,,1992.0,11.0,11.0
7294715,Cordia,Cordia superba,-22.863721,-47.086761,Brazil,,1992.0,11.0,11.0
7294715,Cordia,Cordia superba,-13.3,-41.8,Brazil,,1992.0,12.0,26.0
7294715,Cordia,Cordia superba,-13.358611,-39.815,Brazil,,1991.0,1.0,18.0
7294715,Cordia,Cordia superba,-9.455278,-40.823333,Brazil,,1991.0,1.0,16.0
7294715,Cordia,Cordia superba,-13.358611,-39.815,Brazil,,1991.0,1.0,13.0
7294715,Cordia,Cordia superba,-13.358611,-39.815,Brazil,,1991.0,1.0,18.0
7294715,Cordia,Cordia superba,-15.7470271,-43.0282495,Brazil,,1991.0,2.0,17.0
7294715,Cordia,Cordia superba,-15.7333,-43.0333,Brazil,130000.0,1991.0,2.0,17.0
7294715,Cordia,Cordia superba,-15.743333,-43.028056,Brazil,,1991.0,2.0,17.0
7294715,Cordia,Cordia superba,0.0,0.0,Brazil,,1991.0,2.0,17.0
7294715,Cordia,Cordia superba,-15.166667,-39.583333,Brazil,,1991.0,2.0,5.0
7294715,Cordia,Cordia superba,0.0,0.0,Brazil,,1991.0,4.0,14.0
7294715,Cordia,Cordia superba,-12.287222,-40.491667,Brazil,,1991.0,4.0,18.0
7294715,Cordia,Cordia superba,-12.487053,-40.821058,Brazil,,1991.0,4.0,18.0
7294715,Cordia,Cordia superba,-14.416667,-39.016667,Brazil,,1991.0,7.0,1.0
7294715,Cordia,Cordia superba,-22.863721,-47.086761,Brazil,,1991.0,7.0,29.0
7294715,Cordia,Cordia superba,-7.1375,-34.848611,Brazil,,1991.0,10.0,23.0
7294715,Cordia,Cordia superba,-1.385,-48.3,Brazil,,1991.0,11.0,21.0
7294715,Cordia,Cordia superba,-13.85,-48.3,Brazil,,1991.0,11.0,21.0
7294715,Cordia,Cordia superba,-1.383056,-48.3,Brazil,,1991.0,12.0,12.0
7294715,Cordia,Cordia superba,-1.383056,-48.3,Brazil,,1991.0,12.0,12.0
7294715,Cordia,Cordia superba,-1.388056,-4.83,Brazil,,1991.0,12.0,9.0
7294715,Cordia,Cordia superba,-13.83333,-48.3,Brazil,,1991.0,12.0,12.0
7294715,Cordia,Cordia superba,-13.83333,-48.3,Brazil,,1991.0,12.0,12.0
7294715,Cordia,Cordia superba,-13.88333,-48.3,Brazil,,1991.0,12.0,9.0
7294715,Cordia,Cordia superba,-13.5,-39.7,Brazil,,1990.0,3.0,19.0
7294715,Cordia,Cordia superba,-30.276667,-51.015556,Brazil,,1990.0,3.0,3.0
7294715,Cordia,Cordia superba,-22.72,-47.64,Brazil,,1990.0,5.0,16.0
7294715,Cordia,Cordia superba,-30.276667,-51.015556,Brazil,,1990.0,5.0,16.0
7294715,Cordia,Cordia superba,-7.95,-35.0,Brazil,,1990.0,7.0,12.0
7294715,Cordia,Cordia superba,0.0,0.0,Brazil,,1989.0,1.0,28.0
7294715,Cordia,Cordia superba,-16.383333,-39.133333,Brazil,,1989.0,2.0,10.0
7294715,Cordia,Cordia superba,-22.372222,-46.942222,Brazil,,1989.0,10.0,20.0
7294715,Cordia,Cordia superba,-22.9,-47.06,Brazil,,1988.0,2.0,12.0
7294715,Cordia,Cordia superba,0.0,0.0,Brazil,,1988.0,4.0,6.0
7294715,Cordia,Cordia superba,-1.406111,-4.806111,Brazil,,1988.0,4.0,6.0
7294715,Cordia,Cordia superba,-14.06667,-48.06667,Brazil,,1988.0,4.0,6.0
7294715,Cordia,Cordia superba,0.0,0.0,Brazil,,1988.0,7.0,18.0
7294715,Cordia,Cordia superba,-10.549444,-37.534167,Brazil,,1987.0,6.0,4.0
7294715,Cordia,Cordia superba,-13.0,-41.0,Brazil,,1987.0,6.0,22.0
7294715,Cordia,Cordia superba,-13.813889,-41.278056,Brazil,,1987.0,6.0,22.0
7294715,Cordia,Cordia superba,-13.813889,-41.278056,Brazil,,1987.0,6.0,22.0
7294715,Cordia,Cordia superba,-10.549444,-37.534167,Brazil,,1987.0,6.0,4.0
7294715,Cordia,Cordia superba,-13.0,-41.0,Brazil,,1987.0,6.0,22.0
7294715,Cordia,Cordia superba,-23.4897,-48.4128,Brazil,,1987.0,10.0,8.0
7294715,Cordia,Cordia superba,-22.41,-47.56,Brazil,,1987.0,11.0,12.0
7294715,Cordia,Cordia superba,-22.372222,-46.942222,Brazil,,1986.0,4.0,30.0
7294715,Cordia,Cordia superba,-22.372222,-46.942222,Brazil,,1986.0,4.0,30.0
7294715,Cordia,Cordia superba,-22.3722,-46.9422,Brazil,,1986.0,4.0,30.0
7294715,Cordia,Cordia superba,-11.068889,-37.724722,Brazil,,1986.0,11.0,29.0
7294715,Cordia,Cordia superba,-22.372222,-46.942222,Brazil,,1986.0,11.0,13.0
7294715,Cordia,Cordia superba,-11.068889,-37.724722,Brazil,,1986.0,11.0,29.0
7294715,Cordia,Cordia superba,-22.75,-42.83,Brazil,,1985.0,1.0,19.0
7294715,Cordia,Cordia superba,-22.75,-42.833333,Brazil,,1985.0,1.0,19.0
7294715,Cordia,Cordia superba,-22.75,-42.83,Brazil,,1985.0,1.0,19.0
7294715,Cordia,Cordia superba,-22.75,-42.83333,Brazil,,1985.0,1.0,19.0
7294715,Cordia,Cordia superba,-15.583333,-39.466667,Brazil,,1985.0,2.0,8.0
7294715,Cordia,Cordia superba,-22.0,-42.5,Brazil,,1985.0,3.0,12.0
7294715,Cordia,Cordia superba,-13.55,-41.783333,Brazil,,1985.0,7.0,21.0
7294715,Cordia,Cordia superba,-12.366667,-39.683333,Brazil,,1985.0,10.0,1.0
7294715,Cordia,Cordia superba,-12.366667,-39.683333,Brazil,,1985.0,10.0,1.0
7294715,Cordia,Cordia superba,0.0,0.0,Brazil,,1984.0,1.0,25.0
7294715,Cordia,Cordia superba,-12.25,-38.966667,Brazil,,1984.0,3.0,22.0
7294715,Cordia,Cordia superba,-12.25,-38.966667,Brazil,,1984.0,3.0,22.0
7294715,Cordia,Cordia superba,-7.283333,-42.55,Brazil,,1984.0,3.0,19.0
7294715,Cordia,Cordia superba,-16.383333,-39.133333,Brazil,,1984.0,5.0,30.0
7294715,Cordia,Cordia superba,-12.583333,-39.016667,Brazil,,1984.0,6.0,15.0
7294715,Cordia,Cordia superba,-22.41,-47.56,Brazil,,1984.0,8.0,17.0
7294715,Cordia,Cordia superba,0.0,0.0,Brazil,,1984.0,10.0,25.0
7294715,Cordia,Cordia superba,-5.75,-36.0,Brazil,,1984.0,10.0,
7294715,Cordia,Cordia superba,-22.41,-47.56,Brazil,,1984.0,11.0,20.0
7294715,Cordia,Cordia superba,-6.383333,-35.133333,Brazil,,1984.0,12.0,6.0
7294715,Cordia,Cordia superba,-11.0,-42.0,Brazil,,1983.0,2.0,3.0
7294715,Cordia,Cordia superba,-5.88,-45.37,Brazil,,1983.0,3.0,2.0
7294715,Cordia,Cordia superba,-5.88,-45.37,Brazil,,1983.0,3.0,2.0
7294715,Cordia,Cordia superba,-5.0,-45.0,Brazil,,1983.0,3.0,2.0
7294715,Cordia,Cordia superba,-5.88,-45.37,Brazil,,1983.0,3.0,2.0
7294715,Cordia,Cordia superba,-5.88333,-45.36666,Brazil,,1983.0,3.0,2.0
7294715,Cordia,Cordia superba,-11.184167,-37.998056,Brazil,,1983.0,4.0,6.0
7294715,Cordia,Cordia superba,-5.819444,-46.138333,Brazil,,1983.0,4.0,21.0
7294715,Cordia,Cordia superba,-5.8228748,-46.1386433,Brazil,,1983.0,4.0,21.0
7294715,Cordia,Cordia superba,-5.0,-45.0,Brazil,,1983.0,4.0,21.0
7294715,Cordia,Cordia superba,-11.184167,-37.998056,Brazil,,1983.0,4.0,6.0
7294715,Cordia,Cordia superba,-10.789167,-37.054167,Brazil,,1983.0,5.0,18.0
7294715,Cordia,Cordia superba,-10.789167,-37.054167,Brazil,,1983.0,5.0,18.0
7294715,Cordia,Cordia superba,-11.184167,-37.998056,Brazil,,1983.0,8.0,25.0
7294715,Cordia,Cordia superba,0.0,0.0,Brazil,,1983.0,8.0,5.0
7294715,Cordia,Cordia superba,-11.184167,-37.998056,Brazil,,1983.0,8.0,25.0
7294715,Cordia,Cordia superba,-3.5,-45.5,Brazil,,1983.0,9.0,3.0
7294715,Cordia,Cordia superba,-12.666667,-39.1,Brazil,,1983.0,9.0,10.0
7294715,Cordia,Cordia superba,-23.45,-48.42,Brazil,,1983.0,11.0,9.0
7294715,Cordia,Cordia superba,-23.45,-48.42,Brazil,,1983.0,11.0,9.0
7294715,Cordia,Cordia superba,-23.45,-48.416667,Brazil,,1983.0,11.0,12.0
7294715,Cordia,Cordia superba,-23.45,-48.41666,Brazil,,1983.0,11.0,9.0
7294715,Cordia,Cordia superba,-11.2625,-37.619444,Brazil,,1982.0,3.0,31.0
7294715,Cordia,Cordia superba,-9.036389,-35.4125,Brazil,,1982.0,3.0,10.0
7294715,Cordia,Cordia superba,-9.067447,-35.690092,Brazil,,1982.0,3.0,10.0
7294715,Cordia,Cordia superba,-11.2625,-37.619444,Brazil,,1982.0,3.0,31.0
7294715,Cordia,Cordia superba,-11.068889,-37.724722,Brazil,,1982.0,5.0,7.0
7294715,Cordia,Cordia superba,-11.068889,-37.724722,Brazil,,1982.0,5.0,7.0
7294715,Cordia,Cordia superba,-22.41,-47.56,Brazil,,1982.0,11.0,10.0
7294715,Cordia,Cordia superba,-9.371667,-36.240556,Brazil,,1982.0,11.0,25.0
7294715,Cordia,Cordia superba,0.0,0.0,Brazil,,1982.0,11.0,25.0
7294715,Cordia,Cordia superba,-9.621297,-36.401544,Brazil,,1982.0,11.0,25.0
7294715,Cordia,Cordia superba,-15.158056,-39.528611,Brazil,,1982.0,12.0,9.0
7294715,Cordia,Cordia superba,-10.6,-38.416667,Brazil,,1981.0,5.0,28.0
7294715,Cordia,Cordia superba,-10.6,-38.416667,Brazil,,1981.0,5.0,20.0
7294715,Cordia,Cordia superba,-11.184167,-37.998056,Brazil,,1981.0,9.0,29.0
7294715,Cordia,Cordia superba,-11.184167,-37.998056,Brazil,,1981.0,9.0,29.0
7294715,Cordia,Cordia superba,-11.373333,-37.840556,Brazil,,1981.0,10.0,6.0
7294715,Cordia,Cordia superba,0.0,0.0,Brazil,,1981.0,10.0,15.0
7294715,Cordia,Cordia superba,-11.373333,-37.840556,Brazil,,1981.0,10.0,6.0
7294715,Cordia,Cordia superba,-10.855,-37.125833,Brazil,,1981.0,11.0,27.0
7294715,Cordia,Cordia superba,-6.33,-47.42,Brazil,,1981.0,11.0,28.0
7294715,Cordia,Cordia superba,-6.33,-47.42,Brazil,,1981.0,11.0,28.0
7294715,Cordia,Cordia superba,-10.855,-37.125833,Brazil,,1981.0,11.0,27.0
7294715,Cordia,Cordia superba,-11.068889,-37.724722,Brazil,,1981.0,12.0,4.0
7294715,Cordia,Cordia superba,-11.068889,-37.724722,Brazil,,1981.0,12.0,4.0
7294715,Cordia,Cordia superba,-11.2625,-37.619444,Brazil,,1981.0,12.0,7.0
7294715,Cordia,Cordia superba,-10.103611,-37.419722,Brazil,,1981.0,12.0,21.0
7294715,Cordia,Cordia superba,-11.068889,-37.724722,Brazil,,1981.0,12.0,4.0
7294715,Cordia,Cordia superba,-11.068889,-37.724722,Brazil,,1981.0,12.0,4.0
7294715,Cordia,Cordia superba,-11.2625,-37.619444,Brazil,,1981.0,12.0,7.0
7294715,Cordia,Cordia superba,-10.1035,-37.419861,Brazil,,1981.0,12.0,21.0
7294715,Cordia,Cordia superba,-5.67,-47.43,Brazil,,1980.0,2.0,29.0
7294715,Cordia,Cordia superba,-5.666667,-47.43,Brazil,,1980.0,2.0,29.0
7294715,Cordia,Cordia superba,-6.816667,-47.82,Brazil,,1980.0,2.0,27.0
7294715,Cordia,Cordia superba,-8.733333,-48.52,Brazil,,1980.0,2.0,26.0
7294715,Cordia,Cordia superba,-8.73,-48.52,Brazil,,1980.0,2.0,26.0
7294715,Cordia,Cordia superba,-8.73,-48.52,Brazil,,1980.0,2.0,26.0
7294715,Cordia,Cordia superba,-5.67,-47.43,Brazil,,1980.0,2.0,29.0
7294715,Cordia,Cordia superba,-6.82,-47.82,Brazil,,1980.0,2.0,27.0
7294715,Cordia,Cordia superba,-12.0,-48.0,Brazil,,1980.0,2.0,27.0
7294715,Cordia,Cordia superba,-5.0,-45.0,Brazil,,1980.0,2.0,29.0
7294715,Cordia,Cordia superba,-6.82,-47.82,Brazil,,1980.0,2.0,27.0
7294715,Cordia,Cordia superba,-6.82,-47.82,Brazil,,1980.0,2.0,27.0
7294715,Cordia,Cordia superba,-8.733333,-48.516667,Brazil,,1980.0,2.0,26.0
7294715,Cordia,Cordia superba,-5.666667,-47.433333,Brazil,,1980.0,2.0,29.0
7294715,Cordia,Cordia superba,-12.533333,-39.083333,Brazil,,1980.0,7.0,1.0
7294715,Cordia,Cordia superba,-12.533333,-39.083333,Brazil,,1980.0,7.0,
7294715,Cordia,Cordia superba,-15.283333,-39.066667,Brazil,,1980.0,7.0,
7294715,Cordia,Cordia superba,-10.103611,-37.419722,Brazil,,1980.0,9.0,22.0
7294715,Cordia,Cordia superba,-12.533333,-39.083333,Brazil,,1980.0,9.0,1.0
7294715,Cordia,Cordia superba,-12.533333,-39.083333,Brazil,,1980.0,9.0,
7294715,Cordia,Cordia superba,-10.1035,-37.419861,Brazil,,1980.0,9.0,22.0
7294715,Cordia,Cordia superba,-5.416667,-44.92,Brazil,,1980.0,10.0,10.0
7294715,Cordia,Cordia superba,-5.42,-44.92,Brazil,,1980.0,10.0,10.0
7294715,Cordia,Cordia superba,-5.33,-44.72,Brazil,,1980.0,10.0,11.0
7294715,Cordia,Cordia superba,-5.33,-44.72,Brazil,,1980.0,10.0,11.0
7294715,Cordia,Cordia superba,-5.42,-44.92,Brazil,,1980.0,10.0,10.0
7294715,Cordia,Cordia superba,-5.0,-45.0,Brazil,,1980.0,10.0,10.0
7294715,Cordia,Cordia superba,-12.533333,-39.083333,Brazil,,1980.0,10.0,
7294715,Cordia,Cordia superba,-5.42,-44.92,Brazil,,1980.0,10.0,10.0
7294715,Cordia,Cordia superba,-5.8,-35.216667,Brazil,,1980.0,12.0,16.0
7294715,Cordia,Cordia superba,-12.666667,-39.1,Brazil,,1979.0,1.0,22.0
7294715,Cordia,Cordia superba,-13.531944,-40.150278,Brazil,,1979.0,2.0,13.0
7294715,Cordia,Cordia superba,-13.5355789,-40.1502595,Brazil,,1979.0,2.0,13.0
7294715,Cordia,Cordia superba,-3.67,-45.83,Brazil,,1979.0,5.0,26.0
7294715,Cordia,Cordia superba,-3.67,-45.83,Brazil,,1979.0,5.0,26.0
7294715,Cordia,Cordia superba,-22.3004717,-47.2171004,Brazil,,1978.0,1.0,1.0
7294715,Cordia,Cordia superba,0.0,0.0,Brazil,,1978.0,12.0,20.0
7294715,Cordia,Cordia superba,-14.333333,-39.05,Brazil,,1977.0,1.0,31.0
7294715,Cordia,Cordia superba,-12.85,-41.2,Brazil,,1977.0,2.0,13.0
7294715,Cordia,Cordia superba,-12.85,-41.2,Brazil,,1977.0,2.0,13.0
7294715,Cordia,Cordia superba,0.0,0.0,Brazil,,1976.0,3.0,28.0
7294715,Cordia,Cordia superba,-12.966667,-39.25,Brazil,,1975.0,2.0,23.0
7294715,Cordia,Cordia superba,-5.368519,-44.25,Brazil,,1975.0,7.0,8.0
7294715,Cordia,Cordia superba,-30.034991,-51.214437,Brazil,,1974.0,1.0,
7294715,Cordia,Cordia superba,-10.648333,-36.988611,Brazil,,1974.0,12.0,5.0
7294715,Cordia,Cordia superba,-10.648333,-36.988611,Brazil,,1974.0,12.0,5.0
7294715,Cordia,Cordia superba,-13.55,-41.783333,Brazil,,1972.0,1.0,18.0
7294715,Cordia,Cordia superba,-13.55,-41.78,Brazil,,1972.0,1.0,18.0
7294715,Cordia,Cordia superba,-13.55,-41.78,Brazil,,1972.0,1.0,18.0
7294715,Cordia,Cordia superba,-13.55,-41.783333,Brazil,,1972.0,1.0,18.0
7294715,Cordia,Cordia superba,-13.55,-41.78333,Brazil,,1972.0,1.0,18.0
7294715,Cordia,Cordia superba,-13.55,-41.78,Brazil,,1972.0,1.0,18.0
7294715,Cordia,Cordia superba,-13.55,-41.783333,Brazil,,1972.0,1.0,18.0
7294715,Cordia,Cordia superba,-13.55,-41.78333,Brazil,,1972.0,1.0,18.0
7294715,Cordia,Cordia superba,-22.903056,-43.2075,Brazil,,1972.0,2.0,24.0
7294715,Cordia,Cordia superba,-22.9069598,-43.2076685,Brazil,,1972.0,2.0,24.0
7294715,Cordia,Cordia superba,-12.4222527,-41.7703654,Brazil,57155.0,1971.0,2.0,25.0
7294715,Cordia,Cordia superba,-7.383333,-45.67,Brazil,,1970.0,2.0,10.0
7294715,Cordia,Cordia superba,-7.383333,-45.666667,Brazil,,1970.0,2.0,10.0
7294715,Cordia,Cordia superba,-7.4,-45.07,Brazil,,1970.0,2.0,3.0
7294715,Cordia,Cordia superba,-7.38333,-45.06666,Brazil,,1970.0,2.0,10.0
7294715,Cordia,Cordia superba,-25.534722,-49.206389,Brazil,,1970.0,11.0,19.0
7294715,Cordia,Cordia superba,-25.5385842,-49.2069932,Brazil,,1970.0,11.0,19.0
7294715,Cordia,Cordia superba,-12.983333,-41.35,Brazil,,1968.0,7.0,9.0
7294715,Cordia,Cordia superba,0.0,0.0,Brazil,,1967.0,6.0,1.0
7294715,Cordia,Cordia superba,-8.054167,-34.881111,Brazil,,1966.0,9.0,1.0
7294715,Cordia,Cordia superba,-23.782156,-49.950036,Brazil,,1966.0,10.0,19.0
7294715,Cordia,Cordia superba,-23.778333,-49.949444,Brazil,,1966.0,10.0,19.0
7294715,Cordia,Cordia superba,-14.678056,-39.375,Brazil,,1966.0,11.0,24.0
7294715,Cordia,Cordia superba,-24.13,-49.33,Brazil,,1965.0,1.0,17.0
7294715,Cordia,Cordia superba,-24.13,-49.33,Brazil,,1965.0,1.0,17.0
7294715,Cordia,Cordia superba,-14.788889,-39.049444,Brazil,,1965.0,3.0,24.0
7294715,Cordia,Cordia superba,-11.85,-40.466667,Brazil,,1965.0,10.0,31.0
7294715,Cordia,Cordia superba,0.0,0.0,Brazil,,1964.0,3.0,21.0
7294715,Cordia,Cordia superba,-9.661111,-48.375833,Brazil,,1964.0,7.0,29.0
7294715,Cordia,Cordia superba,-9.661235,-48.375738,Brazil,,1964.0,7.0,29.0
7294715,Cordia,Cordia superba,-8.222222,-46.333333,Brazil,,1962.0,3.0,13.0
7294715,Cordia,Cordia superba,-7.53,-46.03,Brazil,,1962.0,3.0,13.0
7294715,Cordia,Cordia superba,-7.53,-46.03,Brazil,,1962.0,3.0,13.0
7294715,Cordia,Cordia superba,-7.1,-45.13,Brazil,,1962.0,4.0,11.0
7294715,Cordia,Cordia superba,-7.2,-45.12,Brazil,,1962.0,4.0,8.0
7294715,Cordia,Cordia superba,-7.28,-45.12,Brazil,,1962.0,4.0,7.0
7294715,Cordia,Cordia superba,-7.5,-45.05,Brazil,,1962.0,5.0,31.0
7294715,Cordia,Cordia superba,-22.0,-49.0,Brazil,,1961.0,12.0,28.0
7294715,Cordia,Cordia superba,-22.372222,-46.942222,Brazil,,1961.0,12.0,28.0
7294715,Cordia,Cordia superba,-22.0,-42.5,Brazil,,1960.0,1.0,22.0
7294715,Cordia,Cordia superba,0.0,0.0,Brazil,,1959.0,1.0,25.0
7294715,Cordia,Cordia superba,-13.75,-48.83,Brazil,,1956.0,5.0,20.0
7294715,Cordia,Cordia superba,-13.75,-48.83333,Brazil,,1956.0,5.0,20.0
7294715,Cordia,Cordia superba,-22.9706,-46.9958,Brazil,,1953.0,5.0,15.0
7294715,Cordia,Cordia superba,-12.666667,-39.1,Brazil,,1952.0,1.0,
7294715,Cordia,Cordia superba,-7.115,-34.863056,Brazil,,1952.0,2.0,9.0
7294715,Cordia,Cordia superba,-22.5638461,-47.4004562,Brazil,,1951.0,11.0,19.0
7294715,Cordia,Cordia superba,-22.56,-47.4,Brazil,,1951.0,11.0,19.0
7294715,Cordia,Cordia superba,-22.56,-47.4,Brazil,,1951.0,11.0,19.0
7294715,Cordia,Cordia superba,0.0,0.0,Brazil,,1951.0,11.0,19.0
7294715,Cordia,Cordia superba,0.0,0.0,Brazil,,1951.0,11.0,19.0
7294715,Cordia,Cordia superba,-12.666667,-39.1,Brazil,,1950.0,12.0,
7294715,Cordia,Cordia superba,-7.276673,-39.453858,Brazil,,1948.0,8.0,6.0
7294715,Cordia,Cordia superba,0.0,0.0,Brazil,,1941.0,4.0,3.0
7294715,Cordia,Cordia superba,0.0,0.0,Brazil,,1939.0,12.0,8.0
7294715,Cordia,Cordia superba,-22.92,-45.46,Brazil,,1938.0,11.0,22.0
7294715,Cordia,Cordia superba,-22.9239,-45.4617,Brazil,,1938.0,11.0,22.0
7294715,Cordia,Cordia superba,-22.43,-46.95,Brazil,,1936.0,11.0,18.0
7294715,Cordia,Cordia superba,-8.0,-37.0,Brazil,,1931.0,1.0,
7294715,Cordia,Cordia superba,0.0,0.0,Brazil,,1927.0,4.0,27.0
7294715,Cordia,Cordia superba,-22.41,-47.56,Brazil,,1918.0,3.0,
7294715,Cordia,Cordia superba,-22.4138433,-47.5604666,Brazil,,1918.0,3.0,
7294715,Cordia,Cordia superba,-24.0,-51.0,Brazil,,1915.0,1.0,1.0
7294715,Cordia,Cordia superba,-24.340602,-49.713647,Brazil,36646.57,1915.0,1.0,1.0
7294715,Cordia,Cordia superba,-24.26,-49.71,Brazil,,1915.0,1.0,1.0
7294715,Cordia,Cordia superba,-23.72,-50.6,Brazil,,1915.0,3.0,14.0
7294715,Cordia,Cordia superba,-24.340602,-49.713647,Brazil,,1914.0,5.0,20.0
7294715,Cordia,Cordia superba,-24.340556,-49.713611,Brazil,,1914.0,5.0,20.0
7294715,Cordia,Cordia superba,-22.8322,-43.3594,Brazil,,1887.0,1.0,26.0
7294715,Cordia,Cordia superba,-22.8322,-43.3594,Brazil,,1887.0,1.0,26.0
7294715,Cordia,Cordia superba,-22.0,-49.0,Brazil,,1861.0,,
7294715,Cordia,Cordia superba,-24.100556,-50.706944,Brazil,,,,
7294715,Cordia,Cordia superba,-12.418611,-41.770278,Brazil,,,,
7294715,Cordia,Cordia superba,-24.251111,-49.705556,Brazil,,,,
7294715,Cordia,Cordia superba,0.0,0.0,Brazil,,,,
7294715,Cordia,Cordia superba,0.0,0.0,Brazil,,,,
7294715,Cordia,Cordia superba,-11.9,-39.1,Brazil,,,,
7294715,Cordia,Cordia superba,-39.77,-121.791111,Brazil,,,,
7294715,Cordia,Cordia superba,-22.72,-47.64,Brazil,,,,
7294715,Cordia,Cordia superba,-9.235556,-35.085556,Brazil,,,,
7294715,Cordia,Cordia superba,0.0,0.0,Brazil,,,,
7294715,Cordia,Cordia superba,0.0,0.0,Brazil,,,,
7294715,Cordia,Cordia superba,-22.7718,-45.2296,Brazil,,,,
7294715,Cordia,Cordia superba,-22.411111,-49.701111,Brazil,,,,
7294715,Cordia,Cordia superba,-16.266667,-39.016667,Brazil,,,,
7294715,Cordia,Cordia superba,-8.900556,-43.4575,Brazil,,,,
7294715,Cordia,Cordia superba,-22.0,-42.5,Brazil,,,,
7294715,Cordia,Cordia superba,-22.41,-49.7,Brazil,,,,
7461016,Cordia,Cordia superba,-10.77306,-53.08972,Brazil,,,,
5660132,Cordia,Cordia superba,-11.18111,-40.51167,Brazil,5000.0,,,
7294715,Cordia,Cordia superba,-10.77306,-53.08972,Brazil,,,,
